id	image	image_src	image_legende	nom_fr	nom_latin	region	systeme	fonction	rapports	notes_cliniques	sources	importance
os_frontal	os_frontal.jpg|os_frontal-3d.jpg	libre		Os frontal	Os frontale	Neurocrâne	Ostéologie	Os impair et médian formant le front, le toit des orbites et une partie de la fosse crânienne antérieure. Protège les lobes frontaux.	S'articule avec les deux pariétaux (suture coronale), l'ethmoïde, le sphénoïde, les os nasaux, les maxillaires, les os lacrymaux et zygomatiques. Contient les sinus frontaux qui s'ouvrent dans le méat nasal moyen.	Fracture du toit de l'orbite. Sinusite frontale. La suture métopique persiste chez environ 10 pour cent des adultes et peut simuler une fracture.	https://fr.wikipedia.org/wiki/Os_frontal	4
os_parietal	os_parietal.jpg|os_parietal-3d.jpg	libre		Os pariétal	Os parietale	Neurocrâne	Ostéologie	Os pair formant la plus grande partie de la voûte et des faces latérales du crâne. Protège les lobes pariétaux.	S'articule avec le pariétal controlatéral (suture sagittale), le frontal (coronale), l'occipital (lambdoïde) et l'écaille du temporal. Sa face interne est creusée par les sillons de l'artère méningée moyenne.	Le ptérion, à la jonction frontal-pariétal-temporal-sphénoïde, recouvre l'artère méningée moyenne. Un traumatisme y provoque un hématome extradural.	https://fr.wikipedia.org/wiki/Os_pariétal	3
os_occipital	os_occipital.jpg|os_occipital-3d.jpg	libre		Os occipital	Os occipitale	Base du crâne	Ostéologie	Os impair et médian de la partie postéro-inférieure du crâne. Percé du foramen magnum livrant passage à la jonction bulbo-médullaire.	Comprend l'écaille, deux parties latérales portant les condyles occipitaux, et la partie basilaire. Les condyles s'articulent avec l'atlas. La partie basilaire fusionne avec le sphénoïde (synchondrose sphéno-occipitale, ossifiée vers 25 ans).	Fracture de la base occipitale. Impression basilaire. Les condyles portent le canal du nerf hypoglosse.	https://fr.wikipedia.org/wiki/Os_occipital	4
os_temporal	os_temporal.jpg|os_temporal-3d.jpg	libre		Os temporal	Os temporale	Base du crâne	Ostéologie	Os pair contenant les organes de l'audition et de l'équilibration dans sa partie pétreuse. Participe à la base et à la paroi latérale du crâne.	Quatre parties : écaille, partie tympanique, partie pétreuse (rocher) et processus mastoïde. Le rocher sépare fosses crâniennes moyenne et postérieure. Traversé par le canal carotidien, le méat acoustique interne, le canal facial.	Fracture du rocher (otorragie, paralysie faciale, atteinte cochléo-vestibulaire). Mastoïdite compliquant une otite moyenne. Repère chirurgical majeur de la base.	https://fr.wikipedia.org/wiki/Os_temporal	5
os_sphenoide	os_sphenoide.jpg|os_sphenoide-3d.jpg	libre		Os sphénoïde	Os sphenoidale	Base du crâne	Ostéologie	Os impair et médian au centre de la base du crâne, articulé avec presque tous les autres os crâniens. Porte la selle turcique où loge l'hypophyse.	Corps (sinus sphénoïdal, selle turcique), petites ailes (canal optique, processus clinoïdes antérieurs), grandes ailes (foramens rond, ovale, épineux), processus ptérygoïdes. La fissure orbitaire supérieure sépare petite et grande aile.	Adénome hypophysaire opéré par voie trans-sphénoïdale. Fracture de la base avec brèche ostéo-méningée. Clé de voûte de la base du crâne.	https://fr.wikipedia.org/wiki/Os_sphénoïde	5
os_ethmoide	os_ethmoide.jpg|os_ethmoide-3d.jpg	libre		Os ethmoïde	Os ethmoidale	Neurocrâne	Ostéologie	Os impair et médian entre les deux orbites, participant aux parois nasales, à l'orbite et à la fosse crânienne antérieure.	Lame criblée (passage des filets olfactifs), lame perpendiculaire (septum nasal), deux labyrinthes ethmoïdaux (cellules ethmoïdales, cornets nasaux supérieur et moyen). La lame criblée porte la crista galli où s'insère la faux du cerveau.	Fracture de la lame criblée : rhinorrhée cérébro-spinale, anosmie, risque de méningite. Ethmoïdite de l'enfant pouvant se compliquer de cellulite orbitaire.	https://fr.wikipedia.org/wiki/Os_ethmoïde	4
maxillaire	maxillaire.jpg|maxillaire-3d.jpg	libre		Maxillaire	Maxilla	Viscérocrâne	Ostéologie	Os pair formant la mâchoire supérieure, le plancher de l'orbite, les parois latérales de la cavité nasale et la plus grande partie du palais osseux. Porte les dents supérieures.	Corps creusé du sinus maxillaire (le plus volumineux des sinus paranasaux, drainage dans le méat moyen), quatre processus (frontal, zygomatique, alvéolaire, palatin). Le processus palatin forme les deux tiers antérieurs du palais dur.	Fractures de Le Fort (I, II, III) de l'étage moyen de la face. Sinusite maxillaire d'origine dentaire. Fente palatine par défaut de fusion des processus palatins.	https://fr.wikipedia.org/wiki/Maxillaire_(os)	4
mandibule	mandibule.jpg|mandibule-3d.jpg	libre		Mandibule	Mandibula	Viscérocrâne	Ostéologie	Seul os mobile du crâne. Porte les dents inférieures et s'articule avec l'os temporal par l'articulation temporo-mandibulaire.	Corps (bord alvéolaire, symphyse mentonnière), deux branches portant chacune le processus condylaire et le processus coronoïde séparés par l'incisure mandibulaire. Le canal mandibulaire livre passage au nerf alvéolaire inférieur, du foramen mandibulaire au foramen mentonnier.	Fracture fréquente au niveau de l'angle, du col condylaire et de la symphyse (souvent bifocale). Anesthésie tronculaire du nerf alvéolaire inférieur au foramen mandibulaire. Luxation antérieure de l'ATM.	https://fr.wikipedia.org/wiki/Mandibule	5
os_zygomatique	os_zygomatique.jpg|os_zygomatique-3d.jpg	libre		Os zygomatique	Os zygomaticum	Viscérocrâne	Ostéologie	Os pair de la pommette, formant le relief de la joue et une partie de la paroi latérale et du plancher de l'orbite.	S'articule avec le maxillaire, l'os frontal, la grande aile du sphénoïde et le processus zygomatique du temporal (avec lequel il forme l'arcade zygomatique). Percé du foramen zygomatico-facial.	Fracture du complexe zygomatico-maxillaire (fracture du malaire) : enfoncement de la pommette, diplopie, hypoesthésie sous-orbitaire, limitation de l'ouverture buccale.	https://fr.wikipedia.org/wiki/Os_zygomatique	3
os_nasal	os_nasal.jpg|os_nasal-3d.jpg	libre		Os nasal	Os nasale	Viscérocrâne	Ostéologie	Petit os pair formant le dos osseux du nez (partie supérieure de la pyramide nasale). En bas se poursuit le cartilage.	S'articule avec l'os nasal controlatéral, le processus frontal du maxillaire, l'os frontal et la lame perpendiculaire de l'ethmoïde.	Os le plus fréquemment fracturé de la face. La fracture des os propres du nez donne une déformation, une épistaxis et parfois un hématome de cloison à drainer en urgence.	https://fr.wikipedia.org/wiki/Os_nasal	2
os_palatin	os_palatin.jpg|os_palatin-3d.jpg	libre		Os palatin	Os palatinum	Viscérocrâne	Ostéologie	Os pair en L situé en arrière du maxillaire. Complète le palais osseux, la paroi latérale de la cavité nasale et le plancher de l'orbite.	Lame horizontale (tiers postérieur du palais dur) et lame perpendiculaire (paroi nasale latérale, participe à la fosse ptérygo-palatine). Le foramen grand palatin livre passage au nerf grand palatin.	Repère pour l'anesthésie du nerf grand palatin. Participe aux fentes palatines postérieures.	https://fr.wikipedia.org/wiki/Os_palatin	3
vomer	vomer.jpg|vomer-3d.jpg	libre		Vomer	Vomer	Viscérocrâne	Ostéologie	Os impair et médian en forme de soc de charrue formant la partie postéro-inférieure du septum nasal osseux.	S'articule en haut avec la lame perpendiculaire de l'ethmoïde et le rostre du sphénoïde, en bas avec les crêtes nasales du maxillaire et du palatin, en avant avec le cartilage septal.	Déviation de la cloison nasale (souvent à la jonction vomer-cartilage). Repère de la ligne médiane en chirurgie endonasale.	https://fr.wikipedia.org/wiki/Vomer	3
cornet_nasal_inferieur	cornet_nasal_inferieur.jpg|cornet_nasal_inferieur-3d.jpg	libre		Cornet nasal inférieur	Concha nasalis inferior	Viscérocrâne	Ostéologie	Os pair, enroulé, appendu à la paroi latérale de la cavité nasale. Délimite en dessous le méat nasal inférieur.	Le méat inférieur reçoit l'ouverture du conduit lacrymo-nasal. Le cornet inférieur est un os propre, contrairement aux cornets supérieur et moyen qui appartiennent à l'ethmoïde.	Hypertrophie des cornets inférieurs : obstruction nasale chronique, traitée médicalement puis par turbinoplastie. Sondage du conduit lacrymo-nasal chez le nourrisson.	https://fr.wikipedia.org/wiki/Cornet_nasal_inférieur	2
crane_vue_anterieure	crane_vue_anterieure.jpg	libre		Crâne : vue antérieure	Norma frontalis	Neurocrâne	Ostéologie	Vue de face du crâne montrant l'organisation du massif facial autour des cavités orbitaires et de l'ouverture piriforme.	Met en évidence l'orbite (formée de sept os), l'ouverture piriforme, la suture métopique éventuelle, le foramen supra-orbitaire, le foramen infra-orbitaire et le foramen mentonnier alignés sur une verticale.	Traumatologie faciale (fractures de Le Fort, du plancher de l'orbite). Les trois foramens alignés transmettent des branches du nerf trijumeau (V1, V2, V3).	https://fr.wikipedia.org/wiki/Crâne	4
crane_vue_laterale	crane_vue_laterale.jpg	libre		Crâne : vue latérale	Norma lateralis	Neurocrâne	Ostéologie	Vue de profil montrant la voûte, la fosse temporale et l'arcade zygomatique, ainsi que les rapports des os de la base.	Le ptérion (jonction en H de quatre os) répond à la branche antérieure de l'artère méningée moyenne. L'astérion marque la jonction pariéto-temporo-occipitale. Le processus mastoïde et le méat acoustique externe sont des repères de surface.	Voie d'abord ptérionale en neurochirurgie. Repérage du sinus transverse par l'astérion. Fracture temporale et hématome extradural au ptérion.	https://fr.wikipedia.org/wiki/Crâne	4
base_crane_inferieure	base_crane_inferieure.jpg	libre		Base du crâne : vue inférieure	Norma basalis	Base du crâne	Ostéologie	Face exocrânienne de la base, du palais osseux en avant au foramen magnum et à l'écaille occipitale en arrière.	Montre les choanes, les processus ptérygoïdes, la fosse mandibulaire, le processus styloïde, le foramen stylo-mastoïdien, le canal carotidien, le foramen jugulaire, les condyles occipitaux et le foramen magnum.	Repérage des foramens en imagerie de la base. Extension des tumeurs du cavum vers la base. Le foramen stylo-mastoïdien transmet le nerf facial extra-crânien.	https://fr.wikipedia.org/wiki/Base_du_crâne	5
base_crane_endocranienne	base_crane_endocranienne.jpg	libre		Base du crâne : vue endocrânienne	Basis cranii interna	Base du crâne	Ostéologie	Face endocrânienne de la base, organisée en trois étages : fosses crâniennes antérieure, moyenne et postérieure.	Fosse antérieure (lobes frontaux, lame criblée), fosse moyenne (lobes temporaux, selle turcique, fissure orbitaire supérieure, foramens rond, ovale, épineux, déchiré), fosse postérieure (tronc cérébral et cervelet, méat acoustique interne, foramen jugulaire, foramen magnum).	Les fractures de la base suivent les lignes de faiblesse entre les étages. Brèche ostéo-méningée, otoliquorrhée, rhinoliquorrhée. Classification des méningiomes de la base selon l'étage.	https://fr.wikipedia.org/wiki/Base_du_crâne	5
calvaria	calvaria.jpg	libre		Calvaria et sutures	Calvaria	Neurocrâne	Ostéologie	Toit du crâne (partie supérieure de la voûte), constitué de l'écaille frontale, des deux pariétaux et de l'écaille occipitale unis par des sutures.	Sutures coronale (frontal-pariétaux), sagittale (entre pariétaux), lambdoïde (pariétaux-occipital). Points crâniométriques : bregma (coronale-sagittale), lambda (sagittale-lambdoïde). Diploé spongieux entre les deux tables osseuses.	Craniosténoses par fermeture prématurée d'une suture (scaphocéphalie si suture sagittale). Os wormiens dans la suture lambdoïde. Volet crânien en neurochirurgie.	https://fr.wikipedia.org/wiki/Calvaria_(anatomie)	2
fontanelle	fontanelle.jpg	libre		Fontanelles	Fonticuli cranii	Neurocrâne	Ostéologie	Espaces membraneux non ossifiés entre les os du crâne du nouveau-né, permettant le modelage céphalique lors de l'accouchement et la croissance rapide du cerveau.	Fontanelle antérieure (bregmatique, losangique, la plus grande, se ferme vers 18-24 mois), fontanelle postérieure (lambdatique, triangulaire, se ferme vers 2-3 mois), fontanelles sphénoïdales et mastoïdiennes latérales.	La fontanelle antérieure renseigne sur l'hydratation (déprimée) et la pression intracrânienne (bombée). Fermeture précoce (craniosténose) ou retardée (hypothyroïdie, rachitisme, trisomie 21).	https://fr.wikipedia.org/wiki/Fontanelle	3
processus_pterygoide	processus_pterygoide.jpg	libre		Processus ptérygoïde	Processus pterygoideus	Base du crâne	Ostéologie	Prolongement vertical descendant de la jonction corps-grande aile du sphénoïde. Formé de deux lames (médiale et latérale) délimitant la fosse ptérygoïdienne.	La lame médiale se termine par le hamulus ptérygoïdien (poulie du muscle tenseur du voile). La lame latérale donne insertion aux muscles ptérygoïdiens. À sa racine s'ouvre le canal ptérygoïdien (nerf du canal ptérygoïdien).	Repère de la fosse infra-temporale et de la fosse ptérygo-palatine. Blocs anesthésiques régionaux. Extension des tumeurs du cavum.	https://fr.wikipedia.org/wiki/Processus_ptérygoïde	2
foramen_magnum	foramen_magnum.svg	libre		Foramen magnum	Foramen magnum	Base du crâne	Ostéologie, Foramens	Vaste orifice de l'os occipital reliant la cavité crânienne au canal vertébral.	Livre passage à la jonction bulbo-médullaire et aux méninges, aux deux artères vertébrales, aux racines spinales du nerf accessoire (XI), aux artères spinales antérieure et postérieures, aux plexus veineux et à la membrane tectoria.	Engagement des amygdales cérébelleuses (malformation de Chiari, hypertension intracrânienne) : compression bulbaire potentiellement mortelle. Impression basilaire.	https://fr.wikipedia.org/wiki/Foramen_magnum	5
canal_optique	canal_optique.svg	libre		Canal optique	Canalis opticus	Base du crâne	Ostéologie, Foramens	Canal creusé dans la petite aile du sphénoïde, faisant communiquer la fosse crânienne moyenne et l'apex de l'orbite.	Livre passage au nerf optique (II) entouré de ses méninges et à l'artère ophtalmique. Séparé de la fissure orbitaire supérieure par le pilier optique.	Neuropathie optique traumatique par fracture du canal. Compression par un méningiome de la gaine du nerf optique ou un adénome hypophysaire volumineux.	https://fr.wikipedia.org/wiki/Canal_optique	4
fissure_orbitaire_superieure	fissure_orbitaire_superieure.svg	libre		Fissure orbitaire supérieure	Fissura orbitalis superior	Base du crâne	Ostéologie, Foramens	Fente entre petite et grande aile du sphénoïde, reliant la fosse crânienne moyenne à l'orbite.	Livre passage aux nerfs oculomoteur (III), trochléaire (IV), ophtalmique (V1 : nerfs lacrymal, frontal, naso-ciliaire) et abducens (VI), ainsi qu'à la veine ophtalmique supérieure. L'anneau tendineux commun (de Zinn) entoure les nerfs III, VI et naso-ciliaire.	Syndrome de la fissure orbitaire supérieure : ophtalmoplégie complète, ptosis, mydriase, anesthésie cornéenne. Souvent traumatique ou tumoral (méningiome du sinus caverneux).	https://fr.wikipedia.org/wiki/Fissure_orbitaire_supérieure	4
foramen_rond	foramen_rond.svg	libre		Foramen rond	Foramen rotundum	Base du crâne	Ostéologie, Foramens	Orifice de la grande aile du sphénoïde faisant communiquer la fosse crânienne moyenne et la fosse ptérygo-palatine.	Livre passage au nerf maxillaire (V2), qui se poursuit dans la fosse ptérygo-palatine puis gagne l'orbite par la fissure orbitaire inférieure et la face par le foramen infra-orbitaire.	Névralgie du V2. Bloc du nerf maxillaire par voie ptérygo-palatine. Repère TDM constant de la base.	https://fr.wikipedia.org/wiki/Foramen_rond	4
foramen_ovale	foramen_ovale.svg	libre		Foramen ovale	Foramen ovale (cranii)	Base du crâne	Ostéologie, Foramens	Orifice de la grande aile du sphénoïde faisant communiquer la fosse crânienne moyenne et la fosse infra-temporale.	Livre passage au nerf mandibulaire (V3), à l'artère petite méningée, au nerf petit pétreux et parfois à une veine émissaire reliant le sinus caverneux au plexus ptérygoïdien.	Voie d'abord pour la thermocoagulation du ganglion trigéminal dans la névralgie du trijumeau. Diffusion péri-neurale des carcinomes cutanés le long du V3.	https://fr.wikipedia.org/wiki/Foramen_ovale_(crâne)	5
foramen_epineux	foramen_epineux.svg	libre		Foramen épineux	Foramen spinosum	Base du crâne	Ostéologie, Foramens	Petit orifice de la grande aile du sphénoïde, en arrière et en dehors du foramen ovale.	Livre passage à l'artère méningée moyenne (branche de l'artère maxillaire), à sa veine et au rameau méningé (nerf spinosum) du nerf mandibulaire.	Section ou embolisation de l'artère méningée moyenne dans certains hématomes sous-duraux chroniques et dans l'hémostase des méningiomes.	https://fr.wikipedia.org/wiki/Foramen_épineux	3
foramen_dechire	foramen_dechire.jpg	libre		Foramen déchiré	Foramen lacerum	Base du crâne	Ostéologie, Foramens	Orifice de la base entre l'apex du rocher, le corps du sphénoïde et l'os occipital. Fermé par du fibrocartilage chez le vivant.	Aucune structure importante ne le traverse verticalement. L'artère carotide interne chemine au-dessus de lui, dans la partie supérieure du canal carotidien. Le nerf du canal ptérygoïdien et de petites veines le franchissent.	Piège classique d'examen : rien ne le traverse réellement de part en part. Voie d'extension des tumeurs du cavum vers le sinus caverneux.	https://fr.wikipedia.org/wiki/Foramen_déchiré	3
foramen_jugulaire	foramen_jugulaire.svg	libre		Foramen jugulaire	Foramen jugulare	Base du crâne	Ostéologie, Foramens	Orifice entre l'os temporal (rocher) et l'os occipital, dans la fosse crânienne postérieure.	Partie antéro-médiale : nerfs glosso-pharyngien (IX), vague (X) et accessoire (XI), sinus pétreux inférieur. Partie postéro-latérale : golfe de la veine jugulaire interne (issue du sinus sigmoïde).	Syndrome du foramen jugulaire (de Vernet) : atteinte IX, X, XI (troubles de déglutition, voix bitonale, paralysie du trapèze et du sterno-cléido-mastoïdien). Paragangliome tympano-jugulaire (glomus jugulaire).	https://fr.wikipedia.org/wiki/Foramen_jugulaire	5
canal_carotidien	canal_carotidien.jpg	libre		Canal carotidien	Canalis caroticus	Base du crâne	Ostéologie, Foramens	Canal creusé dans la partie pétreuse de l'os temporal, en avant du foramen jugulaire. Trajet d'abord vertical puis horizontal antéro-médial.	Livre passage à l'artère carotide interne (segment pétreux) et au plexus nerveux carotidien sympathique péri-artériel. Débouche à l'apex du rocher au-dessus du foramen déchiré.	Dissection ou anévrisme de la carotide interne pétreuse. Repère du trajet carotidien en chirurgie de la base et en abord de l'oreille moyenne.	https://fr.wikipedia.org/wiki/Canal_carotidien	3
canal_hypoglosse	canal_hypoglosse.jpg	libre		Canal du nerf hypoglosse	Canalis nervi hypoglossi	Base du crâne	Ostéologie, Foramens	Canal traversant la partie latérale de l'os occipital, au-dessus du condyle occipital.	Livre passage au nerf hypoglosse (XII) et à un rameau méningé, parfois à une veine émissaire du plexus veineux du canal.	Paralysie du XII (déviation de la langue vers le côté atteint à la protraction) par fracture du condyle occipital, tumeur de la base ou dissection carotidienne haute.	https://fr.wikipedia.org/wiki/Canal_du_nerf_hypoglosse	2
meat_acoustique_interne	meat_acoustique_interne.jpg	libre		Méat acoustique interne	Meatus acusticus internus	Base du crâne	Ostéologie, Foramens	Canal court de la face postéro-supérieure du rocher, ouvert dans la fosse crânienne postérieure. Fermé latéralement par le fond du méat.	Livre passage au nerf facial (VII), au nerf intermédiaire, au nerf vestibulo-cochléaire (VIII) et à l'artère labyrinthique. Le fond est divisé par la crête transverse et la barre de Bill.	Schwannome vestibulaire (neurinome de l'acoustique) : acouphènes, surdité de perception unilatérale, atteinte de l'équilibre, puis du VII et du V dans l'angle ponto-cérébelleux.	https://fr.wikipedia.org/wiki/Méat_acoustique_interne	4
lame_criblee	lame_criblee.jpg	libre		Lame criblée de l'ethmoïde	Lamina cribrosa	Base du crâne	Ostéologie, Foramens	Lame osseuse horizontale de l'ethmoïde fermant en haut les cavités nasales et formant le plancher de la fosse crânienne antérieure médiane.	Percée d'une vingtaine d'orifices livrant passage aux filets du nerf olfactif (I). Porte la crista galli où s'insère la faux du cerveau. Bordée latéralement par la lame orbitaire (lamina papyracea).	Fracture avec rhinorrhée cérébro-spinale et anosmie post-traumatique. Voie d'entrée d'une méningite. Effraction possible lors d'une chirurgie endonasale (repère de sécurité).	https://fr.wikipedia.org/wiki/Lame_criblée	2
atlas	atlas.jpg|atlas-3d.jpg	libre		Atlas (C1)	Atlas	Rachis cervical	Ostéologie	Première vertèbre cervicale. Dépourvue de corps et de processus épineux. Supporte le crâne et permet le mouvement de flexion-extension de la tête (signe du oui).	Anneau formé de deux arcs (antérieur, postérieur) et de deux masses latérales. Les surfaces articulaires supérieures reçoivent les condyles occipitaux (articulation atlanto-occipitale), les inférieures répondent à l'axis. La fossette de l'arc antérieur s'articule avec la dent de l'axis.	Fracture de Jefferson : éclatement de l'anneau par compression axiale, souvent bifocale, avec risque de lésion de l'artère vertébrale. La rupture du ligament transverse rend l'articulation atlanto-axoïdienne instable.	https://fr.wikipedia.org/wiki/Atlas_(anatomie)	5
axis	axis.jpg|axis-3d.jpg	libre		Axis (C2)	Axis	Rachis cervical	Ostéologie	Deuxième vertèbre cervicale. Caractérisée par la dent (processus odontoïde), pivot vertical autour duquel tourne l'atlas (mouvement du non).	La dent s'articule en avant avec l'arc antérieur de l'atlas, en arrière avec le ligament transverse. Les surfaces articulaires supérieures, larges, supportent l'atlas. Le corps est traversé par le trajet ascendant des artères vertébrales dans les foramens transversaires.	Fracture de la dent (odontoïde), classée en trois types (Anderson-D'Alonzo) : le type II (base de la dent) est instable et pseudarthrose fréquente. Fracture des pédicules (hangman's fracture) par hyperextension.	https://fr.wikipedia.org/wiki/Axis_(anatomie)	5
vertebre_cervicale	vertebre_cervicale.jpg|vertebre_cervicale-3d.jpg	libre		Vertèbre cervicale type (C3-C6)	Vertebrae cervicales	Rachis cervical	Ostéologie	Vertèbre mobile du rachis cervical moyen. Petit corps, grand foramen vertébral triangulaire, processus épineux souvent bifide.	Chaque processus transverse est percé d'un foramen transversaire livrant passage à l'artère vertébrale (de C6 à C1) et à des veines. Le tubercule antérieur de C6 est le tubercule carotidien (de Chassaignac). Les processus articulaires sont obliques à 45 degrés.	Uncus (processus unciné) délimitant les articulations uncovertébrales. Cervicarthrose uncovertébrale : compression radiculaire dans le foramen intervertébral. Le tubercule carotidien sert de point de compression de la carotide commune.	https://fr.wikipedia.org/wiki/Vertèbres_cervicales	3
articulation_uncovertebrale	articulation_uncovertebrale.png	libre		Articulation uncovertébrale	Articulatio uncovertebralis	Rachis cervical	Arthrologie	Petite articulation (dite de Luschka) entre l'uncus (processus unciné) du bord latéral du plateau vertébral supérieur d'une vertèbre cervicale (C3 à C7) et le bord inféro-latéral de la vertèbre sus-jacente.	Située en dehors du disque intervertébral, en avant du foramen intervertébral et en dedans de l'artère vertébrale. Apparaît après 10 ans par fissuration du disque.	L'arthrose uncovertébrale produit des ostéophytes postéro-latéraux comprimant la racine nerveuse (névralgie cervico-brachiale) ou l'artère vertébrale (insuffisance vertébro-basilaire positionnelle).	https://fr.wikipedia.org/wiki/Articulation_uncovertébrale	2
articulation_temporo_mandibulaire	articulation_temporo_mandibulaire.svg	libre		Articulation temporo-mandibulaire	Articulatio temporomandibularis	Fosse infra-temporale	Arthrologie	Articulation bilatérale et synoviale entre la fosse mandibulaire de l'os temporal et le processus condylaire de la mandibule. Assure l'ouverture buccale, la mastication et la phonation.	Un disque articulaire fibro-cartilagineux divise la cavité en deux étages : mouvement de rotation (charnière) en bas, de translation (glissement condyle-disque vers le tubercule articulaire) en haut. Renforcée par le ligament latéral (temporo-mandibulaire).	Luxation antérieure (bouche bloquée ouverte, réduction par manœuvre de Nélaton). Dysfonction de l'appareil manducateur (douleurs, craquements, limitation). Le ménisque peut se luxer en avant.	https://fr.wikipedia.org/wiki/Articulation_temporo-mandibulaire	5
ligament_nuchal	ligament_nuchal.jpg	libre		Ligament nuchal	Ligamentum nuchae	Charnière cranio-vertébrale	Arthrologie	Lame fibro-élastique médiane et sagittale de la nuque, prolongeant vers le haut le ligament supra-épineux. S'étend de la protubérance occipitale externe au processus épineux de C7.	Donne insertion aux muscles trapèze, splénius de la tête, rhomboïdes et serratus postérieur supérieur. Sépare les masses musculaires para-vertébrales droite et gauche. Sa lame profonde s'attache au tubercule postérieur de l'atlas et aux épineuses cervicales.	Cervicalgies d'insertion. Repère de la ligne médiane pour les voies d'abord postérieures du rachis cervical (dissection dans un plan avasculaire).	https://fr.wikipedia.org/wiki/Ligament_nuchal	3
membrane_atlanto_occipitale_anterieure	membrane_atlanto_occipitale_anterieure.jpg	libre		Membrane atlanto-occipitale antérieure	Membrana atlantooccipitalis anterior	Charnière cranio-vertébrale	Arthrologie	Membrane large et dense tendue entre le bord antérieur du foramen magnum et le bord supérieur de l'arc antérieur de l'atlas.	Prolonge vers le haut le ligament longitudinal antérieur. Renforcée sur la ligne médiane par le ligament atlanto-occipital antérieur. Ferme en avant l'articulation atlanto-occipitale.	Limite l'extension de la tête. Peut être lésée dans les traumatismes en hyperextension de la charnière.	https://fr.wikipedia.org/wiki/Membrane_atlanto-occipitale_antérieure	3
membrane_atlanto_occipitale_posterieure	membrane_atlanto_occipitale_posterieure.jpg	libre		Membrane atlanto-occipitale postérieure	Membrana atlantooccipitalis posterior	Charnière cranio-vertébrale	Arthrologie	Membrane large et mince tendue entre le bord postérieur du foramen magnum et le bord supérieur de l'arc postérieur de l'atlas.	Analogue aux ligaments jaunes des étages sous-jacents. Un orifice à son bord inférieur (parfois transformé en canal) livre passage à l'artère vertébrale et au nerf sub-occipital (rameau dorsal de C1).	Repère chirurgical de l'artère vertébrale dans l'abord de la charnière (triangle sub-occipital). Ossification (ponticulus posticus) transformant l'orifice en foramen arcuatum.	https://fr.wikipedia.org/wiki/Membrane_atlanto-occipitale_postérieure	3
ligament_transverse_atlas	ligament_transverse_atlas.jpg	libre		Ligament transverse de l'atlas	Ligamentum transversum atlantis	Charnière cranio-vertébrale	Arthrologie	Ligament épais et résistant tendu horizontalement entre les deux masses latérales de l'atlas, en arrière de la dent de l'axis. Maintient la dent plaquée contre l'arc antérieur de l'atlas.	Partie principale du ligament cruciforme (avec les faisceaux longitudinaux supérieur et inférieur). Assure la stabilité de l'articulation atlanto-axoïdienne médiane et protège la moelle épinière située en arrière.	Sa rupture (traumatisme, polyarthrite rhumatoïde, syndrome de Down) entraîne une luxation atlanto-axoïdienne antérieure : intervalle atlas-dent supérieur à 3 mm chez l'adulte, risque de compression médullaire haute.	https://fr.wikipedia.org/wiki/Ligament_transverse_de_l'atlas	4
ligament_alaire	ligament_alaire.jpg	libre		Ligaments alaires	Ligamenta alaria	Charnière cranio-vertébrale	Arthrologie	Deux cordons fibreux résistants tendus des faces latérales de la dent de l'axis aux tubercules situés sur la face médiale des condyles occipitaux.	Limitent la rotation axiale et l'inclinaison latérale de la tête (le ligament controlatéral se tend). Complètent le rôle stabilisateur du ligament transverse à la jonction cranio-vertébrale.	Entorse ou rupture des ligaments alaires évoquée dans certains traumatismes en rotation forcée (whiplash), exploration par IRM en rotation. Instabilité rotatoire de la charnière.	https://fr.wikipedia.org/wiki/Ligament_alaire	3
membrane_tectoria	membrane_tectoria.jpg	libre		Membrane tectoria	Membrana tectoria	Charnière cranio-vertébrale	Arthrologie	Large bande fibreuse tendue de la face postérieure du corps de l'axis à la partie basilaire de l'os occipital (endocrâne), recouvrant en arrière la dent et le ligament cruciforme.	Prolonge vers le haut le ligament longitudinal postérieur. Sépare le ligament cruciforme de la dure-mère spinale. Dernier plan ligamentaire avant les méninges et la moelle.	Rôle majeur dans la stabilité sagittale de la charnière. Sa rupture, souvent associée à une dissociation atlanto-occipitale, est une lésion très grave (souvent létale) du polytraumatisé.	https://fr.wikipedia.org/wiki/Membrane_tectoria	2
muscles_mimique	muscles_mimique.jpg	libre	Muscles de la face et du cou (Gray, 1918)	Muscles de la mimique (vue d'ensemble)	Musculi faciei	Face	Myologie	Ensemble de muscles peauciers qui s'insèrent sur l'os ou sur un fascia et se terminent dans le derme. Leur contraction mobilise la peau du visage et du cuir chevelu : ils ferment ou ouvrent les orifices (yeux, bouche, narines) et produisent l'expression des émotions. Tous dérivent du deuxième arc pharyngien et sont innervés par le nerf facial (VII).	Disposés en couches autour des orifices de la face, dans le tissu sous-cutané, en avant des muscles masticateurs. Ils sont traversés par les rameaux terminaux du nerf facial (issus de la glande parotide) et par les vaisseaux faciaux. Le système musculo-aponévrotique superficiel (SMAS) les solidarise entre eux.	Une paralysie faciale périphérique (atteinte du VII) efface les rides d'un hémiface, entraîne un signe de Charles Bell et une stagnation des aliments dans le vestibule. Cible principale de la toxine botulique et de la chirurgie du vieillissement facial (lifting du SMAS).	https://fr.wikipedia.org/wiki/Muscles_peauciers_du_visage ; Kamina, Anatomie clinique, tome 2	3
muscle_occipitofrontal	muscle_occipitofrontal.jpg	libre	Ventre frontal et galéa aponévrotique	Muscle occipito-frontal	Musculus occipitofrontalis	Face	Myologie	Muscle pair du cuir chevelu formé de deux ventres, occipital et frontal, unis par la galéa aponévrotique (aponévrose épicrânienne). Le ventre frontal élève les sourcils et plisse le front transversalement (attention, surprise) ; le ventre occipital fixe et retire le scalp vers l'arrière, servant de point d'appui au ventre frontal.	Fait partie de l'épicrâne, entre la peau (adhérente par un pannicule fibro-adipeux dense) et le péricrâne dont le sépare un plan de décollement lâche. Le ventre frontal n'a pas d'insertion osseuse et se continue avec l'orbiculaire de l'œil et le corrugateur. Vascularisé par les artères supra-trochléaire, supra-orbitaire et occipitale.	Le plan de décollement sous-aponévrotique explique les vastes hématomes du scalp et le scalp traumatique. Les plaies du cuir chevelu saignent abondamment, les artères fixées au tissu fibreux ne se rétractant pas. Le ventre frontal est un site d'injection de toxine botulique pour les rides du front.	https://fr.wikipedia.org/wiki/Muscle_occipito-frontal	2
muscle_orbiculaire_oeil	muscle_orbiculaire_oeil.jpg	libre	Orbiculaire de l'œil et corrugateur (Gray, 1918)	Muscle orbiculaire de l'œil	Musculus orbicularis oculi	Face	Myologie	Muscle sphincter des paupières, disposé en anneau autour de l'orbite. La partie palpébrale, fine, assure le clignement réflexe et l'occlusion pendant le sommeil ; la partie orbitaire, plus épaisse, ferme les yeux avec force ; la partie lacrymale (de Horner) participe au drainage des larmes en dilatant le sac lacrymal.	S'insère sur le ligament palpébral médial et l'os lacrymal, et entoure le rebord orbitaire. En rapport profond avec les tarses, le septum orbitaire et le sac lacrymal ; en superficie avec la peau très fine des paupières. Reçoit les rameaux temporaux et zygomatiques du nerf facial.	Sa paralysie (VII) provoque une lagophtalmie avec risque de kératite d'exposition. Un spasme chronique réalise le blépharospasme essentiel, traité par toxine botulique. Le relâchement lié à l'âge participe à l'ectropion et au dermatochalasis des paupières.	https://fr.wikipedia.org/wiki/Muscle_orbiculaire_de_l%27%C5%93il	4
muscle_orbiculaire_bouche	muscle_orbiculaire_bouche.jpg|muscle_orbiculaire_bouche-3d.jpg	libre	Muscles péri-buccaux (vue latérale, Gray 1918)	Muscle orbiculaire de la bouche	Musculus orbicularis oris	Face	Myologie	Muscle sphincter des lèvres, constitué pour partie de fibres propres et pour partie des fibres des muscles péri-buccaux voisins qui s'y entrecroisent. Il ferme la bouche, projette et serre les lèvres (baiser, sifflement) et les plaque contre les dents. Essentiel à l'articulation des consonnes labiales, à la succion et à la continence salivaire.	Constitue l'épaisseur de la lèvre, entre la peau et la muqueuse, autour de l'orifice buccal ; les artères labiales (branches de la faciale) cheminent dans son épaisseur, palpables au bord libre de la lèvre. Antagoniste des muscles dilatateurs (zygomatiques, releveurs, buccinateur, risorius).	Interrompu dans les fentes labiales (bec-de-lièvre), dont la réparation vise à reconstituer l'anneau musculaire. L'affrontement exact de la ligne cutanéo-muqueuse (vermillon) est impératif lors des sutures de la lèvre. Faiblesse dans la myasthénie et certaines myopathies.	https://fr.wikipedia.org/wiki/Muscle_orbiculaire_de_la_bouche	3
muscle_buccinateur	muscle_buccinateur.jpg|muscle_buccinateur-3d.jpg	libre	Buccinateur et muscles du pharynx (Gray, 1918)	Muscle buccinateur	Musculus buccinator	Face	Myologie	Muscle de la joue. Il applique la joue et les lèvres contre les arcades dentaires, ce qui ramène le bol alimentaire entre les dents pendant la mastication et empêche l'accumulation d'aliments dans le vestibule. Il comprime la joue distendue par l'air (instrument à vent, souffler) et participe à la succion.	Tendu des processus alvéolaires du maxillaire et de la mandibule et du raphé ptérygo-mandibulaire (bord postérieur, partagé avec le constricteur supérieur du pharynx) jusqu'à l'angle de la bouche. Traversé par le conduit parotidien en regard de la deuxième molaire supérieure. Recouvert par le corps adipeux de la joue (boule de Bichat).	Innervé par le nerf facial (rameau buccal) et non par le nerf mandibulaire, à la différence des muscles masticateurs voisins. Sa paralysie fait stagner les aliments dans le vestibule. Utilisé comme lambeau de reconstruction endobuccale ; le conduit parotidien qui le perce est un repère chirurgical.	https://fr.wikipedia.org/wiki/Muscle_buccinateur	4
platysma	platysma.jpg|platysma-3d.jpg	libre	Platysma (Gray, 1918)	Platysma	Platysma	Cou	Myologie	Large muscle peaucier du cou, tendu du fascia deltoïdo-pectoral au bord de la mandibule et à la peau du bas du visage. Il tend la peau du cou et abaisse la commissure labiale et la lèvre inférieure (expression de tension, d'effroi). Muscle de la mimique issu du deuxième arc, innervé par le rameau cervical du nerf facial.	Situé dans le fascia superficiel (pannicule adipeux), en avant de la lame superficielle du fascia cervical qu'il recouvre. En rapport avec la veine jugulaire externe et les branches du plexus cervical superficiel qui le perforent. Ses fibres se croisent parfois sur la ligne médiane sous-mentonnière.	Repère chirurgical majeur du cou : les incisions cervicales le sectionnent et il doit être suturé plan par plan, sous peine de cicatrice élargie et de brides. Sa contraction chronique crée les cordes platysmales du cou vieillissant, traitées par toxine botulique ou platysmoplastie.	https://fr.wikipedia.org/wiki/Muscle_peaucier_du_cou	3
muscle_temporal	muscle_temporal.jpg|muscle_temporal-3d.jpg	libre	Muscle temporal (vue latérale)	Muscle temporal	Musculus temporalis	Fosse infra-temporale	Myologie, Mastication	Muscle masticateur en éventail occupant la fosse temporale. Ses fibres convergent vers un tendon qui passe sous l'arcade zygomatique et s'insère sur le processus coronoïde de la mandibule. Il élève la mandibule (fermeture de la bouche) ; ses fibres postérieures, presque horizontales, la rétractent (rétropulsion).	Recouvert par le fascia temporal et l'arcade zygomatique, il repose sur l'os (écailles frontale, pariétale, temporale et grande aile du sphénoïde). Sa face profonde limite en dehors la fosse infra-temporale. Innervé par les nerfs temporaux profonds (branches du nerf mandibulaire V3), vascularisé par les artères temporales profondes.	Une atrophie temporale (creusement des tempes) accompagne la dénutrition, l'âge et l'atteinte du V3. Douleur et contracture dans les dysfonctions temporo-mandibulaires et le bruxisme. L'artérite à cellules géantes (Horton) peut donner une claudication de la mâchoire par ischémie de ce muscle.	https://fr.wikipedia.org/wiki/Muscle_temporal	4
muscle_masseter	muscle_masseter.jpg|muscle_masseter-2.gif	libre	Masséter, fibres superficielles|Rotation 3D (Anatomography)	Muscle masséter	Musculus masseter	Fosse infra-temporale	Myologie, Mastication	Muscle masticateur le plus puissant, quadrilatère, tendu de l'arcade zygomatique à la face latérale de l'angle et de la branche de la mandibule. Il comporte un faisceau superficiel oblique en bas et en arrière et un faisceau profond plus vertical. Il élève la mandibule avec une grande force (serrage) et participe à sa propulsion.	Sa face latérale est recouverte par le fascia massétérin, la glande parotide et le conduit parotidien qui le traverse, les rameaux du nerf facial et l'artère transverse de la face. Sa face profonde répond à la branche mandibulaire, au muscle temporal et au tendon coronoïdien. Innervé par le nerf massétérin (V3), qui franchit l'incisure mandibulaire.	Hypertrophie massétérine (bruxisme, mastication excessive) élargissant l'angle mandibulaire, corrigée par toxine botulique. Trismus par contracture réflexe (infection dentaire, tétanos). Repère de l'abord de la branche mandibulaire ; l'artère faciale contourne son bord antérieur.	https://fr.wikipedia.org/wiki/Muscle_mass%C3%A9ter	4
muscle_pterygoidien_medial	muscle_pterygoidien_medial.jpg|muscle_pterygoidien_medial-2.gif|muscle_pterygoidien_medial-3d.jpg	libre	Muscles ptérygoïdiens (vue latérale droite)|Rotation 3D (Anatomography)	Muscle ptérygoïdien médial	Musculus pterygoideus medialis	Fosse infra-temporale	Myologie, Mastication	Muscle masticateur profond, tendu de la fosse ptérygoïdienne (face médiale de la lame latérale du processus ptérygoïde) à la face médiale de l'angle de la mandibule, où il forme avec le masséter une sangle (élingue ptérygo-massétérine). Il élève la mandibule ; sa contraction unilatérale porte le menton du côté opposé (diduction).	Sa face latérale limite en dedans la fosse infra-temporale et répond au muscle ptérygoïdien latéral, à l'artère maxillaire, au nerf lingual et au nerf alvéolaire inférieur. Sa face médiale répond au muscle tenseur du voile du palais et à la paroi latérale du pharynx. Innervé par le nerf du ptérygoïdien médial (V3).	En cause dans le trismus qui suit parfois une anesthésie tronculaire du nerf alvéolaire inférieur (injection trop médiale, dans le muscle). Contracture douloureuse dans les dysfonctions temporo-mandibulaires. Infiltré par les tumeurs de la région infra-temporale et du cavum (signe de mauvais pronostic).	https://fr.wikipedia.org/wiki/Muscle_pt%C3%A9rygo%C3%AFdien_m%C3%A9dial	4
muscle_pterygoidien_lateral	muscle_pterygoidien_lateral.jpg	libre	Muscles ptérygoïdiens (vue latérale droite)	Muscle ptérygoïdien latéral	Musculus pterygoideus lateralis	Fosse infra-temporale	Myologie, Mastication	Muscle masticateur à deux chefs (supérieur, sur la grande aile du sphénoïde ; inférieur, sur la lame latérale du processus ptérygoïde) convergeant vers le col du condyle mandibulaire et le disque de l'articulation temporo-mandibulaire. Il propulse la mandibule et l'abaisse (ouverture de la bouche) ; sa contraction unilatérale fait la diduction du côté opposé.	Occupe la partie haute de la fosse infra-temporale. Ses deux chefs délimitent un interstice où passe l'artère maxillaire ; le nerf buccal chemine entre eux. Le nerf lingual et le nerf alvéolaire inférieur émergent de son bord inférieur. Innervé par le nerf du ptérygoïdien latéral (V3).	Seul muscle masticateur ouvreur de la bouche : son atteinte dévie la mandibule vers le côté paralysé à l'ouverture. Son insertion sur le disque explique son rôle central dans les luxations et les déplacements discaux de l'articulation temporo-mandibulaire. Spasme fréquent dans le syndrome algo-dysfonctionnel de l'appareil manducateur.	https://fr.wikipedia.org/wiki/Muscle_pt%C3%A9rygo%C3%AFdien_lat%C3%A9ral	5
glande_parotide	glande_parotide.jpg	libre	Loge parotidienne, conduit et rapports (Gray, 1918)	Glande parotide	Glandula parotidea	Face	Glandes	Plus volumineuse des glandes salivaires, à sécrétion séreuse pure. Elle produit une salive fluide riche en amylase et en lysozyme, déversée dans le vestibule buccal en regard de la deuxième molaire supérieure. Son innervation sécrétoire parasympathique vient du nerf glosso-pharyngien (IX) via le ganglion otique et le nerf auriculo-temporal.	Loge parotidienne limitée en arrière par le méat acoustique externe et le processus mastoïde, en avant par la branche mandibulaire et les muscles masticateurs, en profondeur par le processus styloïde (diaphragme stylien). Elle est traversée par trois éléments étagés : le nerf facial (le plus latéral, la divisant en lobes superficiel et profond), la veine rétro-mandibulaire, puis l'artère carotide externe.	La parotidectomie impose le repérage du nerf facial à son émergence du foramen stylo-mastoïdien. Oreillons (parotidite ourlienne bilatérale). Tumeurs : adénome pléomorphe le plus fréquent (lobe superficiel), à réséquer avec une marge sous peine de récidive. Syndrome de Frey (sudation gustative) après chirurgie.	https://fr.wikipedia.org/wiki/Glande_parotide	5
conduit_parotidien	conduit_parotidien.jpg	libre	Conduit parotidien traversant le masséter (Gray, 1918)	Conduit parotidien (de Sténon)	Ductus parotideus	Face	Glandes	Canal excréteur de la glande parotide, long d'environ 5 cm. Il naît du bord antérieur de la glande, chemine horizontalement sur la face latérale du masséter, contourne son bord antérieur, perce le corps adipeux de la joue puis le muscle buccinateur, et s'ouvre dans le vestibule buccal en regard du collet de la deuxième molaire supérieure.	Se projette sur le tiers moyen d'une ligne allant du tragus au milieu de la lèvre supérieure. Sur le masséter, il est accompagné de l'artère transverse de la face au-dessus et du rameau buccal du nerf facial au-dessous ; un lobule parotidien accessoire le longe souvent. Son trajet oblique à travers le buccinateur crée un mécanisme anti-reflux.	Palpable et cathétérisable à son ostium pour la sialographie et la sialendoscopie. Lithiase et sténoses (parotidite récidivante). Plaie du conduit lors des traumatismes de la joue ou de la chirurgie : risque de fistule salivaire cutanée, à réparer sur sonde. Repère per-opératoire du trajet du rameau buccal du nerf facial.	https://fr.wikipedia.org/wiki/Conduit_parotidien	3
nerf_facial_extracranien	nerf_facial_extracranien.svg	libre	Trajet et branches du nerf facial	Nerf facial (VII) — portion extra-crânienne	Nervus facialis	Face	Système nerveux	Septième nerf crânien. Sa portion extra-crânienne, essentiellement motrice, émerge du foramen stylo-mastoïdien, donne des rameaux pour le ventre postérieur du digastrique, le stylo-hyoïdien et les muscles auriculaires, puis pénètre la glande parotide où elle se divise en cinq groupes de branches : temporale, zygomatique, buccale, marginale de la mandibule et cervicale. Elle innerve tous les muscles de la mimique.	Dans la parotide, le nerf est le plan le plus latéral, en avant de la veine rétro-mandibulaire ; sa bifurcation (pes anserinus) se situe à 1 à 2 cm en profondeur du tragus. Le rameau marginal de la mandibule chemine sous l'angle de la mandibule, parfois sous le rebord basilaire, en superficie de l'artère et de la veine faciales.	Paralysie faciale périphérique : atteinte homogène de tout l'hémiface, contrairement à la paralysie centrale qui respecte le front. Paralysie a frigore (de Bell) la plus fréquente. Le rameau marginal de la mandibule, très exposé, est fréquemment lésé dans les abords sous-mandibulaires (incision deux travers de doigt sous la mandibule).	https://fr.wikipedia.org/wiki/Nerf_facial	5
fascia_cervical	fascia_cervical.jpg	libre	Coupe du cou en C6 : loges et lames fasciales (Gray, 1918)	Fascia cervical	Fascia cervicalis	Cou	Topographie	Ensemble des lames conjonctives qui compartimentent le cou. La lame superficielle (enveloppante) entoure tout le cou et engaine le sterno-cléido-mastoïdien et le trapèze ; la lame prétrachéale entoure les viscères (larynx, trachée, œsophage, thyroïde) et les muscles infra-hyoïdiens ; la lame prévertébrale engaine la colonne, les muscles prévertébraux et les scalènes. Ces lames ménagent des plans de glissement pour la déglutition et les mouvements du cou.	Entre lame prétrachéale et lame prévertébrale s'étend l'espace rétro-pharyngé, subdivisé par une lame alaire. La gaine carotidienne naît de la fusion des trois lames. En avant, au-dessus du sternum, les lames délimitent l'espace supra-sternal (de Burns) qui contient l'arc veineux jugulaire.	Les lames orientent la diffusion des collections : un abcès rétro-pharyngé peut descendre dans le médiastin postérieur (médiastinite, urgence vitale) le long de l'espace danger. La cellulite cervicale d'origine dentaire suit les plans fasciaux. Repères essentiels des abords chirurgicaux du cou (thyroïde, rachis cervical antérieur, carotide).	https://fr.wikipedia.org/wiki/Fascia_cervical ; Terminologia Anatomica	4
gaine_carotidienne	gaine_carotidienne.jpg	libre	Coupe du cou en C6 : gaine carotidienne (Gray, 1918)	Gaine carotidienne	Vagina carotica	Cou	Topographie	Manchon fibreux para-médian du cou, formé par la contribution des trois lames du fascia cervical. Elle contient et solidarise le paquet vasculo-nerveux du cou : artère carotide commune puis interne en dedans, veine jugulaire interne en dehors, nerf vague (X) en arrière entre les deux. Elle s'étend de la base du crâne à la racine du cou et au médiastin.	Croisée en avant par le ventre supérieur de l'omo-hyoïdien et recouverte par le sterno-cléido-mastoïdien. En arrière, elle répond au plan prévertébral (scalènes, tronc sympathique cervical plaqué sur sa face postérieure). En dedans, elle longe l'axe viscéral (larynx, trachée, thyroïde, pharynx, œsophage). L'anse cervicale est appliquée sur sa face antérieure.	Voie d'abord de la carotide (endartériectomie), repérée par le bord antérieur du sterno-cléido-mastoïdien. La relative rigidité de la gaine limite le collapsus de la jugulaire interne, ce qui facilite son cathétérisme central. Un engainement carotidien tumoral supérieur à 270 degrés contre-indique le plus souvent la résection.	https://fr.wikipedia.org/wiki/Gaine_carotidienne ; Terminologia Anatomica	4
muscle_sterno_cleido_mastoidien	muscle_sterno_cleido_mastoidien.jpg|muscle_sterno_cleido_mastoidien-3d.jpg	libre	Sterno-cléido-mastoïdien en surbrillance (Gray, 1918)	Muscle sterno-cléido-mastoïdien	Musculus sternocleidomastoideus	Cou	Myologie	Muscle superficiel oblique du cou, tendu du manubrium sternal et du tiers médial de la clavicule au processus mastoïde et à la ligne nuchale supérieure. La contraction unilatérale incline la tête du même côté et la tourne du côté opposé ; la contraction bilatérale fléchit le cou et, tête fixée, élève le thorax (muscle inspirateur accessoire).	Divise la région latérale du cou en triangles antérieur et postérieur. Recouvre la gaine carotidienne, l'anse cervicale et le plexus cervical. Le nerf accessoire (XI) le traverse et le nerf grand auriculaire monte à sa face superficielle. Sa gaine vient de la lame superficielle du fascia cervical.	Torticolis musculaire congénital (rétraction fibreuse, olive palpable du nourrisson). Repère chirurgical majeur : son bord antérieur guide l'abord de la carotide, son bord postérieur celui du plexus brachial et du nerf accessoire (zone dangereuse du triangle postérieur). Point de ponction pour le cathétérisme jugulaire interne.	https://fr.wikipedia.org/wiki/Muscle_sterno-cléido-mastoïdien	5
muscle_trapeze	muscle_trapeze.jpg	libre	Muscles du cou, vue latérale (Gray, 1918)	Muscle trapèze (partie cervicale)	Musculus trapezius	Cou	Myologie	Large muscle triangulaire de la nuque et du dos. Ses fibres supérieures, issues de la protubérance occipitale externe et du ligament nuchal, élèvent le moignon de l'épaule et participent à l'extension et à l'inclinaison de la tête. Il fixe et fait pivoter la scapula lors de l'élévation du bras.	Forme la limite postérieure du triangle postérieur du cou, en arrière du sterno-cléido-mastoïdien. Le nerf accessoire (XI) chemine à sa face profonde, accompagné de branches du plexus cervical (C3-C4). Recouvert par la lame superficielle du fascia cervical.	Une atteinte du nerf accessoire (curage ganglionnaire cervical, biopsie du triangle postérieur) provoque une chute de l'épaule, un décollement de la scapula et une gêne à l'abduction au-delà de l'horizontale. Contractures et points gâchettes fréquents (cervicalgies communes).	https://fr.wikipedia.org/wiki/Muscle_trapèze	3
muscle_digastrique	muscle_digastrique.jpg	libre	Muscle digastrique (Testut, Traité d'anatomie, 1911)	Muscle digastrique	Musculus digastricus	Cou	Myologie	Muscle supra-hyoïdien à deux ventres reliés par un tendon intermédiaire amarré à l'os hyoïde par une bandelette fibreuse. Il élève l'os hyoïde ou, hyoïde fixé, abaisse la mandibule (ouverture de la bouche). Le ventre antérieur naît de la fosse digastrique de la mandibule, le ventre postérieur de l'incisure mastoïdienne du temporal.	Le ventre postérieur croise en superficie l'artère carotide externe, la veine jugulaire interne et les nerfs IX, X, XI, XII ; il est un repère clé de la région carotidienne. Il limite avec le ventre antérieur et le bord mandibulaire le triangle sous-mandibulaire (loge de la glande submandibulaire).	Le ventre postérieur, issu du deuxième arc, est innervé par le nerf facial (VII) ; le ventre antérieur, issu du premier arc, par le nerf mylo-hyoïdien (V3) : bel exemple d'innervation composite. Repère per-opératoire du nerf hypoglosse et de l'artère faciale dans l'abord sous-mandibulaire.	https://fr.wikipedia.org/wiki/Muscle_digastrique	4
muscle_mylo_hyoidien	muscle_mylo_hyoidien.jpg|muscle_mylo_hyoidien-3d.jpg	libre	Mylo-hyoïdien en surbrillance (Gray, 1918)	Muscle mylo-hyoïdien	Musculus mylohyoideus	Cou	Myologie	Muscle pair et aplati qui, avec son homologue, forme le plancher musculaire de la bouche (diaphragme oral). Il élève l'os hyoïde et le plancher buccal lors de la déglutition et de la phonation, et abaisse la mandibule quand l'hyoïde est fixé. Ses deux moitiés se rejoignent sur un raphé médian.	Tendu de la ligne mylo-hyoïdienne de la mandibule à l'os hyoïde et au raphé médian. Sa face supérieure répond au muscle génio-hyoïdien, aux glandes sublinguale et à la portion profonde de la glande submandibulaire, au nerf lingual et au nerf hypoglosse ; sa face inférieure au ventre antérieur du digastrique.	Son bord postérieur libre laisse passer un prolongement de la glande submandibulaire, expliquant la propagation des cellulites du plancher buccal (angine de Ludwig) et des abcès dentaires vers l'espace sublingual ou submandibulaire. Innervé par le nerf mylo-hyoïdien (branche du V3).	https://fr.wikipedia.org/wiki/Muscle_mylo-hyoïdien	3
muscle_genio_hyoidien	muscle_genio_hyoidien.jpg|muscle_genio_hyoidien-3d.jpg	libre	Génio-hyoïdien en surbrillance (Gray, 1918)	Muscle génio-hyoïdien	Musculus geniohyoideus	Cou	Myologie	Petit muscle cylindrique pair, tendu de l'épine mentonnière inférieure de la mandibule à la face antérieure du corps de l'os hyoïde, au-dessus du mylo-hyoïdien. Il attire l'os hyoïde en haut et en avant (déglutition) ou abaisse la mandibule quand l'hyoïde est stabilisé par les muscles infra-hyoïdiens.	Situé juste au-dessus du mylo-hyoïdien, de part et d'autre de la ligne médiane, sous le muscle génio-glosse. En rapport en haut avec la langue.	Seul muscle supra-hyoïdien innervé non par un nerf crânien branchial mais par des fibres de C1 empruntant le trajet du nerf hypoglosse (XII). Impliqué dans la perméabilité des voies aériennes supérieures pendant le sommeil (physiopathologie du syndrome d'apnées obstructives).	https://fr.wikipedia.org/wiki/Muscle_génio-hyoïdien	2
muscle_stylo_hyoidien	muscle_stylo_hyoidien.jpg|muscle_stylo_hyoidien-3d.jpg	libre	Stylo-hyoïdien en surbrillance (Gray, 1918)	Muscle stylo-hyoïdien	Musculus stylohyoideus	Cou	Myologie	Muscle grêle tendu du processus styloïde du temporal à la jonction corps-grande corne de l'os hyoïde. Il élève et rétracte l'os hyoïde, allongeant le plancher buccal lors de la déglutition. Son tendon terminal est perforé par le tendon intermédiaire du muscle digastrique.	Accompagne le ventre postérieur du digastrique en avant et au-dessus de lui. En rapport avec l'artère carotide externe et la glande parotide. Fait partie, avec le ligament et le muscle stylo-hyoïdiens, du rideau stylien qui sépare les espaces para-pharyngés.	Innervé par le nerf facial (VII), comme le ventre postérieur du digastrique (deuxième arc). L'ossification du ligament stylo-hyoïdien réalise le syndrome de Eagle (douleur cervico-pharyngée à la rotation de la tête, processus styloïde allongé palpable dans la fosse tonsillaire).	https://fr.wikipedia.org/wiki/Muscle_stylo-hyoïdien	2
muscle_sterno_hyoidien	muscle_sterno_hyoidien.jpg|muscle_sterno_hyoidien-3d.jpg	libre	Sterno-hyoïdien en surbrillance (Gray, 1918)	Muscle sterno-hyoïdien	Musculus sternohyoideus	Cou	Myologie	Muscle infra-hyoïdien superficiel, en ruban, tendu de la face postérieure du manubrium sternal et de l'extrémité médiale de la clavicule au bord inférieur du corps de l'os hyoïde. Il abaisse l'os hyoïde après la déglutition et stabilise l'hyoïde pour permettre l'action des muscles supra-hyoïdiens sur la mandibule.	Plan superficiel des muscles infra-hyoïdiens avec l'omo-hyoïdien, en avant de la lame prétrachéale du fascia cervical, de la glande thyroïde et de la trachée. Les deux muscles sterno-hyoïdiens s'écartent en bas (accès à la trachée) et se rapprochent en haut.	Section et écartement des muscles infra-hyoïdiens (muscles sous-hyoïdiens) sur la ligne médiane lors de la thyroïdectomie et de la trachéotomie : le plan est peu vascularisé. Innervés par l'anse cervicale (C1-C3).	https://fr.wikipedia.org/wiki/Muscle_sterno-hyoïdien	2
muscle_sterno_thyroidien	muscle_sterno_thyroidien.jpg|muscle_sterno_thyroidien-3d.jpg	libre	Sterno-thyroïdien en surbrillance (Gray, 1918)	Muscle sterno-thyroïdien	Musculus sternothyroideus	Cou	Myologie	Muscle infra-hyoïdien profond, tendu de la face postérieure du manubrium sternal à la ligne oblique du cartilage thyroïde. Il abaisse le larynx (et donc l'os hyoïde) après sa remontée lors de la déglutition et de l'émission des sons aigus. Plus court et plus profond que le sterno-hyoïdien qui le recouvre.	Appliqué sur la lame latérale de la glande thyroïde, la trachée et le larynx. Son insertion haute sur le cartilage thyroïde le rend directement moteur du larynx, contrairement aux autres infra-hyoïdiens qui agissent via l'os hyoïde.	Repère de la limite supérieure du lobe thyroïdien en chirurgie. Innervé par l'anse cervicale. Un muscle levator glandulae thyroideae inconstant peut le prolonger vers l'isthme thyroïdien.	https://fr.wikipedia.org/wiki/Muscle_sterno-thyroïdien	2
muscle_thyro_hyoidien	muscle_thyro_hyoidien.jpg|muscle_thyro_hyoidien-3d.jpg	libre	Thyro-hyoïdien en surbrillance (Gray, 1918)	Muscle thyro-hyoïdien	Musculus thyrohyoideus	Cou	Myologie	Court muscle infra-hyoïdien prolongeant le sterno-thyroïdien, tendu de la ligne oblique du cartilage thyroïde à la grande corne et au corps de l'os hyoïde. Il abaisse l'os hyoïde ou, hyoïde fixé, élève le larynx et le rapproche de l'os hyoïde (protection des voies aériennes lors de la déglutition).	Recouvert par l'omo-hyoïdien et le sterno-hyoïdien. Il recouvre la membrane thyro-hyoïdienne, que perforent le pédicule laryngé supérieur (artère laryngée supérieure et nerf laryngé supérieur, branche interne).	Innervé par un rameau de C1 qui suit le nerf hypoglosse (XII), comme le génio-hyoïdien. Repère de la membrane thyro-hyoïdienne, site du bloc du nerf laryngé supérieur et voie d'abord de certaines laryngoscopies.	https://fr.wikipedia.org/wiki/Muscle_thyro-hyoïdien	2
muscle_omo_hyoidien	muscle_omo_hyoidien.svg|muscle_omo_hyoidien-3d.jpg	libre	Omo-hyoïdien et muscles du cou (schéma)	Muscle omo-hyoïdien	Musculus omohyoideus	Cou	Myologie	Muscle infra-hyoïdien digastrique : un ventre inférieur naît du bord supérieur de la scapula, un ventre supérieur se termine sur l'os hyoïde, réunis par un tendon intermédiaire fixé à la clavicule par une expansion de la lame prétrachéale du fascia cervical. Il abaisse et rétracte l'os hyoïde et tend le fascia cervical, maintenant béante la veine jugulaire interne.	Son ventre inférieur croise le triangle postérieur du cou (le divisant en triangles occipital et supra-claviculaire), son ventre supérieur croise le triangle antérieur (le divisant en triangles carotidien et musculaire). Il croise en pont la gaine carotidienne.	Repère chirurgical constant du cou : le ventre supérieur croise la carotide commune au niveau de C6 ; son intersection avec le bord postérieur du sterno-cléido-mastoïdien marque le point d'Erb (émergence des branches du plexus cervical). Sectionné pour élargir un abord cervical latéral.	https://fr.wikipedia.org/wiki/Muscle_omo-hyoïdien	3
muscle_scalene_anterieur	muscle_scalene_anterieur.jpg|muscle_scalene_anterieur-3d.jpg	libre	Muscles prévertébraux, scalène antérieur en surbrillance (Gray, 1918)	Muscle scalène antérieur	Musculus scalenus anterior	Cou	Myologie	Muscle profond de la région latérale du cou, tendu des tubercules antérieurs des processus transverses de C3 à C6 au tubercule du scalène de la première côte. Il élève la première côte (inspirateur accessoire) et incline le rachis cervical de son côté. Repère central du défilé cervico-thoracique.	Sépare la veine subclavière (en avant) de l'artère subclavière et des troncs du plexus brachial (en arrière), qui passent dans l'espace inter-scalénique entre lui et le scalène moyen. Le nerf phrénique descend à sa face antérieure, de dehors en dedans, appliqué contre le muscle.	Élément clé du syndrome du défilé thoraco-brachial (compression du plexus brachial et de l'artère subclavière entre scalène antérieur et moyen, favorisée par une côte cervicale). Cible du bloc anesthésique inter-scalénique du plexus brachial ; le nerf phrénique voisin explique la parésie diaphragmatique fréquente après ce bloc.	https://fr.wikipedia.org/wiki/Muscle_scalène_antérieur	4
muscle_scalene_moyen	muscle_scalene_moyen.jpg|muscle_scalene_moyen-3d.jpg	libre	Muscles prévertébraux, scalène moyen en surbrillance (Gray, 1918)	Muscle scalène moyen	Musculus scalenus medius	Cou	Myologie	Le plus volumineux des scalènes, tendu des tubercules postérieurs des processus transverses de C2 à C7 à la face supérieure de la première côte, en arrière du sillon de l'artère subclavière. Il élève la première côte et incline le rachis cervical de son côté.	Forme la paroi postérieure de l'espace inter-scalénique où passent les troncs du plexus brachial et l'artère subclavière. Le nerf thoracique long (de Charles Bell) et le nerf dorsal de la scapula le traversent.	Paroi postérieure du défilé des scalènes : son hypertrophie ou une bande fibreuse participe au syndrome du défilé thoraco-brachial. Sert de plan de butée à l'aiguille lors du bloc inter-scalénique (repère échographique du plexus entre scalène antérieur et moyen).	https://fr.wikipedia.org/wiki/Muscle_scalène_moyen	3
muscle_scalene_posterieur	muscle_scalene_posterieur.jpg|muscle_scalene_posterieur-3d.jpg	libre	Muscles prévertébraux, scalène postérieur en surbrillance (Gray, 1918)	Muscle scalène postérieur	Musculus scalenus posterior	Cou	Myologie	Le plus petit et le plus profond des scalènes, tendu des tubercules postérieurs des processus transverses de C4 à C6 à la face externe de la deuxième côte. Il élève la deuxième côte lors de l'inspiration forcée et incline le rachis cervical de son côté. Souvent fusionné avec le scalène moyen.	Situé le plus en arrière et en dehors, en avant du muscle élévateur de la scapula. Sépare du scalène moyen par le passage des rameaux postérieurs des nerfs cervicaux.	Rarement isolé en pratique ; son intérêt est surtout d'être un inspirateur accessoire et un inclinateur du cou. Peut participer, avec les autres scalènes, aux cervicalgies posturales et au défilé thoraco-brachial.	https://fr.wikipedia.org/wiki/Muscle_scalène_postérieur	2
muscle_long_du_cou	muscle_long_du_cou.jpg	libre	Muscles prévertébraux, long du cou en surbrillance (Gray, 1918)	Muscle long du cou	Musculus longus colli	Cou	Myologie	Muscle prévertébral profond appliqué sur la face antérieure du rachis, de l'atlas à T3. Formé de trois portions (verticale, oblique supérieure, oblique inférieure), il fléchit le rachis cervical et, par ses fibres obliques, l'incline et le tourne légèrement. Il rectifie la lordose cervicale et stabilise le cou.	Recouvert par la lame prévertébrale du fascia cervical et par l'axe viscéral (pharynx, œsophage). Le tronc sympathique cervical et son ganglion cervical supérieur reposent sur lui. En rapport en dehors avec le long de la tête et les scalènes.	Une tendinite calcifiante du long du cou (dépôts d'hydroxyapatite en avant de C1-C2) simule un abcès rétro-pharyngé (cervicalgie fébrile, odynophagie) mais guérit sous anti-inflammatoires. Son épaississement inflammatoire élargit l'espace prévertébral en imagerie.	https://fr.wikipedia.org/wiki/Muscle_long_du_cou	2
muscle_long_de_la_tete	muscle_long_de_la_tete.jpg|muscle_long_de_la_tete-3d.jpg	libre	Muscles prévertébraux, long de la tête en surbrillance (Gray, 1918)	Muscle long de la tête	Musculus longus capitis	Cou	Myologie	Muscle prévertébral tendu des tubercules antérieurs des processus transverses de C3 à C6 à la partie basilaire de l'os occipital, en avant du foramen magnum. Il fléchit la tête sur le cou et participe à la stabilisation de la charnière cranio-vertébrale.	Situé en avant du long du cou dans sa partie haute, recouvert par la lame prévertébrale du fascia cervical et le pharynx. Sépare de l'atlas et de l'occiput par le muscle petit droit antérieur de la tête.	Repère de la ligne médiane dans les abords antérieurs du rachis cervical haut et de la jonction cranio-vertébrale (voie trans-orale, abord rétro-pharyngé). Comme le long du cou, siège possible de tendinite calcifiante.	https://fr.wikipedia.org/wiki/Muscle_long_de_la_tête	2
os_hyoide	os_hyoide.jpg|os_hyoide-3d.jpg	libre	Os hyoïde	Os hyoïde	Os hyoideum	Cou	Ostéologie	Petit os impair en fer à cheval, situé à la partie antérieure du cou entre la mandibule et le cartilage thyroïde, en regard de C3. Il ne s'articule avec aucun autre os : il est suspendu par des muscles et des ligaments et sert de point d'ancrage mobile à la langue, au plancher buccal, au larynx et au pharynx. Comprend un corps, deux petites cornes et deux grandes cornes.	Relié en haut à la mandibule (muscles et ligament stylo-hyoïdien via le processus styloïde), en bas au cartilage thyroïde (membrane thyro-hyoïdienne) et au sternum et à la scapula (muscles infra-hyoïdiens). Il donne insertion au génio-glosse, à l'hyo-glosse et au constricteur moyen du pharynx.	Repère palpable de la déglutition (il monte à l'avalement). Une fracture des grandes cornes de l'os hyoïde est un signe médico-légal fort de strangulation. Marqueur du niveau C3 en imagerie et repère de la cricothyroïdotomie (situé au-dessus de la membrane crico-thyroïdienne).	https://fr.wikipedia.org/wiki/Os_hyoïde	3
triangle_anterieur_cou	triangle_anterieur_cou.svg	libre	Triangles du cou (schéma)	Triangle antérieur du cou	Regio cervicalis anterior	Cou	Topographie	Région topographique limitée par le bord antérieur du sterno-cléido-mastoïdien, le bord inférieur de la mandibule et la ligne médiane du cou. Elle contient l'axe viscéral (larynx, trachée, pharynx, œsophage, thyroïde) et l'axe vasculo-nerveux (gaine carotidienne). Elle se subdivise en quatre triangles : sous-mental, sous-mandibulaire, carotidien et musculaire.	Le triangle carotidien (entre digastrique, omo-hyoïdien et sterno-cléido-mastoïdien) expose la bifurcation carotidienne, la veine jugulaire interne et les nerfs X et XII : c'est la zone d'abord de l'endartériectomie carotidienne. Le triangle sous-mandibulaire loge la glande submandibulaire et l'artère faciale.	Base de l'examen des adénopathies cervicales et de leur classification en niveaux (I à VI). Le triangle carotidien est la zone d'auscultation des souffles carotidiens et de palpation du pouls carotidien (à ne comprimer que d'un côté).	https://fr.wikipedia.org/wiki/Triangle_antérieur_du_cou ; Gray's Anatomy	4
triangle_posterieur_cou	triangle_posterieur_cou.jpg	libre	Muscles du cou, vue latérale (Gray, 1918)	Triangle postérieur du cou	Regio cervicalis lateralis	Cou	Topographie	Région limitée par le bord postérieur du sterno-cléido-mastoïdien, le bord antérieur du trapèze et le tiers moyen de la clavicule ; son plancher est fait des muscles splénius, élévateur de la scapula et scalènes. Le ventre inférieur de l'omo-hyoïdien la divise en triangles occipital (au-dessus) et supra-claviculaire ou omo-claviculaire (au-dessous).	Contient le nerf accessoire (XI) traversant en diagonale, les branches cutanées du plexus cervical émergeant au point d'Erb (milieu du bord postérieur du sterno-cléido-mastoïdien), le tronc supérieur du plexus brachial et l'artère subclavière (troisième portion) dans sa partie basse, les ganglions cervicaux latéraux.	Zone dangereuse : le nerf accessoire y est très superficiel et fréquemment lésé lors des biopsies ganglionnaires (chute de l'épaule). La partie supra-claviculaire est la voie d'abord du plexus brachial et le site de ponction de la veine subclavière ; risque de pneumothorax (dôme pleural).	https://fr.wikipedia.org/wiki/Triangle_postérieur_du_cou ; Gray's Anatomy	4
veine_jugulaire_externe	veine_jugulaire_externe.jpg	libre	Veine jugulaire externe, vue latérale (Gray, 1918)	Veine jugulaire externe	Vena jugularis externa	Cou	Système vasculaire	Veine superficielle du cou, née en dessous de la glande parotide de la réunion de la veine auriculaire postérieure et de la division postérieure de la veine rétro-mandibulaire. Elle draine le cuir chevelu, la face et une partie du cou profond, descend obliquement sur le sterno-cléido-mastoïdien et se jette dans la veine subclavière.	Cheminant dans le fascia superficiel, elle croise obliquement la face latérale du sterno-cléido-mastoïdien, sous le platysma, accompagnée du nerf grand auriculaire. Elle traverse la lame superficielle du fascia cervical au-dessus de la clavicule, où sa paroi est amarrée au fascia.	Visible sous la peau (turgescence jugulaire = reflet de la pression veineuse centrale et signe d'insuffisance cardiaque droite ou de tamponnade). Sa fixation au fascia à la traversée cervicale expose à une embolie gazeuse en cas de plaie. Voie d'abord veineux périphérique ou de pose de cathéter central chez le nourrisson.	https://fr.wikipedia.org/wiki/Veine_jugulaire_externe	3
veine_jugulaire_anterieure	veine_jugulaire_anterieure.jpg	libre	Coupe du cou : veines superficielles (Gray, 1918)	Veine jugulaire antérieure	Vena jugularis anterior	Cou	Système vasculaire	Petite veine superficielle née sous le menton de veines sous-mandibulaires. Elle descend près de la ligne médiane, puis oblique en dehors au-dessus du sternum pour se jeter dans la veine subclavière ou la terminaison de la jugulaire externe. Draine la partie antérieure et superficielle du cou.	Dans l'espace supra-sternal (de Burns), les deux veines jugulaires antérieures sont réunies par une anastomose transversale, l'arc veineux jugulaire, situé en avant de la trachée.	L'arc veineux jugulaire est un piège hémorragique de la trachéotomie et de la chirurgie thyroïdienne : il doit être repéré et lié. Son calibre est très variable ; parfois une seule veine jugulaire antérieure médiane.	https://fr.wikipedia.org/wiki/Veine_jugulaire_antérieure	2
plexus_cervical	plexus_cervical.jpg	libre	Plan du plexus cervical (Gray, 1918)	Plexus cervical	Plexus cervicalis	Cou	Système nerveux	Plexus formé par les rameaux ventraux de C1 à C4, situé en avant du muscle élévateur de la scapula et du scalène moyen, sous le sterno-cléido-mastoïdien. Il donne des branches cutanées (nerf grand auriculaire, petit occipital, transverse du cou, supra-claviculaires) et des branches motrices (anse cervicale pour les infra-hyoïdiens, nerf phrénique pour le diaphragme, rameaux pour les muscles prévertébraux).	Ses branches cutanées émergent en bouquet au milieu du bord postérieur du sterno-cléido-mastoïdien (point d'Erb ou punctum nervosum). Le nerf phrénique (C3-C4-C5) descend verticalement à la face antérieure du scalène antérieur vers le thorax.	Le bloc du plexus cervical superficiel (infiltration au point d'Erb) anesthésie la peau du cou pour la chirurgie carotidienne vigile. Une atteinte de C3-C5 (traumatisme cervical haut, chirurgie) paralyse le diaphragme. Le point d'Erb est le repère du curage ganglionnaire et de l'abord du nerf accessoire.	https://fr.wikipedia.org/wiki/Plexus_cervical	4
nerf_grand_auriculaire	nerf_grand_auriculaire.jpg	libre	Branches cutanées du plexus cervical (Gray, 1918)	Nerf grand auriculaire	Nervus auricularis magnus	Cou	Système nerveux	Plus volumineuse branche cutanée ascendante du plexus cervical (C2-C3). Il émerge au point d'Erb, contourne le bord postérieur du sterno-cléido-mastoïdien et monte verticalement sur sa face latérale vers la glande parotide, la peau de l'angle de la mandibule, le lobule et la face postérieure du pavillon de l'oreille.	Accompagne la veine jugulaire externe sur le sterno-cléido-mastoïdien, en arrière et parallèle à elle. Se divise en rameaux antérieur (parotidien) et postérieur (mastoïdien et auriculaire).	Nerf donneur classique pour les greffes nerveuses (réparation du nerf facial), du fait de son calibre, de sa longueur et de son accès facile. Son sacrifice ou sa section lors de la parotidectomie et du lifting cervico-facial laisse une hypoesthésie du lobule de l'oreille, souvent mal tolérée. Repère : il croise le tiers moyen du sterno-cléido-mastoïdien.	https://fr.wikipedia.org/wiki/Nerf_grand_auriculaire	3
nerf_petit_occipital	nerf_petit_occipital.jpg	libre	Branches cutanées du plexus cervical (Gray, 1918)	Nerf petit occipital	Nervus occipitalis minor	Cou	Système nerveux	Branche cutanée ascendante du plexus cervical (C2, parfois C3). Il émerge au point d'Erb, remonte le long du bord postérieur du sterno-cléido-mastoïdien puis se distribue à la peau de la région occipitale latérale et de la partie supérieure de la face médiale du pavillon de l'oreille.	Le plus postérieur des nerfs cutanés ascendants du plexus cervical, souvent enroulé autour du nerf accessoire à son passage. En rapport avec le processus mastoïde.	Peut être impliqué dans les névralgies occipitales (avec le nerf grand occipital) et les céphalées cervicogéniques. Territoire à cartographier avant une chirurgie du triangle postérieur.	https://fr.wikipedia.org/wiki/Nerf_petit_occipital	2
nerf_transverse_du_cou	nerf_transverse_du_cou.jpg	libre	Branches cutanées du plexus cervical (Gray, 1918)	Nerf transverse du cou	Nervus transversus colli	Cou	Système nerveux	Branche cutanée transversale du plexus cervical (C2-C3). Il émerge au point d'Erb, contourne le bord postérieur du sterno-cléido-mastoïdien vers l'avant, perce le platysma et se distribue à la peau de la région antérieure du cou, du bord de la mandibule au sternum.	Traverse horizontalement la face latérale du sterno-cléido-mastoïdien, sous la veine jugulaire externe. Ses rameaux ascendants s'anastomosent avec le rameau cervical du nerf facial (anse cervico-faciale de McKenzie), au niveau du platysma.	Territoire de la douleur cicatricielle après cervicotomie transverse (thyroïdectomie). Anesthésié par le bloc du plexus cervical superficiel. L'anastomose avec le rameau cervical du VII explique certains mouvements résiduels du platysma après paralysie faciale.	https://fr.wikipedia.org/wiki/Nerf_transverse_du_cou	2
nerfs_supraclaviculaires	nerfs_supraclaviculaires.jpg	libre	Branches cutanées du plexus cervical (Gray, 1918)	Nerfs supra-claviculaires	Nervi supraclaviculares	Cou	Système nerveux	Groupe de branches cutanées descendantes du plexus cervical (C3-C4), naissant d'un tronc commun au point d'Erb. Elles se divisent en nerfs supra-claviculaires médiaux, intermédiaires et latéraux, qui franchissent la clavicule et innervent la peau de la partie basse du cou, de la région pectorale haute (jusqu'au 2e espace intercostal) et du moignon de l'épaule.	Descendent sous le platysma, en avant du triangle postérieur, croisant la clavicule dans des canaux ostéo-fibreux inconstants.	Le chevauchement de leur territoire pectoral avec celui des nerfs intercostaux explique la douleur projetée à l'épaule ou au cou lors d'une irritation diaphragmatique ou d'une pathologie sous-phrénique (nerf phrénique, même origine C3-C4). Territoire à considérer pour l'analgésie après chirurgie de la clavicule.	https://fr.wikipedia.org/wiki/Nerfs_supra-claviculaires	2
nerf_grand_occipital	nerf_grand_occipital.jpg	libre	Rameaux cutanés dorsaux des nerfs spinaux (Gray, 1918)	Nerf grand occipital (d'Arnold)	Nervus occipitalis major	Cou	Système nerveux	Branche cutanée du rameau dorsal de C2 (la plus volumineuse du corps). Il naît entre l'atlas et l'axis, contourne le bord inférieur du muscle oblique inférieur de la tête, traverse les muscles semi-épineux et trapèze près de la protubérance occipitale externe, puis innerve la peau de toute la moitié postérieure du cuir chevelu jusqu'au vertex.	Émerge au niveau de la ligne nuchale supérieure, à environ 2 à 3 cm de la ligne médiane, accompagné de l'artère occipitale (située en dehors de lui). Il fait partie du triangle sub-occipital.	Névralgie d'Arnold : douleur en éclair de l'occiput au vertex, reproduite par la pression du point d'émergence. Traitée par infiltration (bloc du nerf grand occipital) puis, si besoin, radiofréquence. Diagnostic différentiel des céphalées postérieures et de la migraine.	https://fr.wikipedia.org/wiki/Nerf_grand_occipital	3
anse_cervicale	anse_cervicale.jpg	libre	Plan du plexus cervical et de l'anse (Gray, 1918)	Anse cervicale	Ansa cervicalis	Cou	Système nerveux	Boucle nerveuse motrice appliquée sur la face antérieure de la gaine carotidienne. Sa racine supérieure (ou descendante), issue de C1 empruntant d'abord le trajet du nerf hypoglosse, s'unit à sa racine inférieure (C2-C3) pour former l'anse. Elle innerve les muscles infra-hyoïdiens (sterno-hyoïdien, sterno-thyroïdien, ventre inférieur de l'omo-hyoïdien) ; le ventre supérieur de l'omo-hyoïdien, le thyro-hyoïdien et le génio-hyoïdien reçoivent directement des fibres de C1 via le XII.	Située en regard de C6, sur ou dans la gaine carotidienne, en avant de la veine jugulaire interne (parfois en arrière). Repère de la carotide commune en chirurgie.	L'anastomose C1-XII explique qu'une lésion du nerf hypoglosse au-dessus du départ de la racine supérieure ne paralyse pas seulement la langue. La racine supérieure de l'anse est utilisée comme greffon nerveux pour réanimer une corde vocale paralysée (anastomose anse cervicale - nerf laryngé récurrent).	https://fr.wikipedia.org/wiki/Anse_cervicale	3
nez_externe	nez_externe.jpg	libre	Cartilages du nez, vue latérale (Gray, 1918)	Nez externe	Nasus externus	Cavité nasale et sinus	Viscères ORL	Pyramide ostéo-cartilagineuse recouverte de peau, formant l'entrée des voies aériennes. Sa charpente comprend une partie osseuse (os nasaux, processus frontaux des maxillaires) et une partie cartilagineuse mobile (cartilages latéraux, grands cartilages alaires en fer à cheval autour des narines, cartilage du septum). Il réchauffe, humidifie et filtre l'air, et abrite la fonction olfactive dans sa partie haute.	La valve nasale interne (angle entre cartilage latéral et septum, environ 10 à 15 degrés) est la zone la plus étroite des voies aériennes. Les muscles de la mimique (nasal, abaisseur du septum, dilatateurs de la narine) s'insèrent sur sa charpente. Vascularisé par les artères faciale et ophtalmique (via l'artère dorsale du nez).	Fracture des os propres du nez la plus fréquente du massif facial. La chirurgie de la valve nasale interne traite une obstruction fréquente et sous-diagnostiquée. La pointe du nez, purement cartilagineuse, est une zone à risque de nécrose (piercing, injections d'acide hyaluronique compliquées d'embolie de l'artère dorsale du nez).	https://fr.wikipedia.org/wiki/Nez	2
cavite_nasale	cavite_nasale.jpg	libre	Paroi latérale de la cavité nasale (Gray, 1918)	Cavité nasale (vue d'ensemble)	Cavitas nasi	Cavité nasale et sinus	Viscères ORL	Cavité paire séparée par le septum nasal, ouverte en avant par les narines et en arrière par les choanes vers le rhinopharynx. Chaque fosse a un toit (os nasaux, lame criblée, corps du sphénoïde), un plancher (palais osseux), une paroi médiale (septum) et une paroi latérale (cornets et méats). Elle assure le conditionnement de l'air, la protection (mucus, clairance ciliaire) et l'olfaction (aire olfactive du toit).	Communique avec les sinus paranasaux, la trompe auditive (via le rhinopharynx) et le sac lacrymal (conduit lacrymo-nasal s'ouvrant au méat inférieur). Le toit répond à la fosse crânienne antérieure, le plancher à la cavité buccale, la paroi latérale à l'orbite et au sinus maxillaire.	Voie d'abord de la chirurgie endoscopique naso-sinusienne et de la chirurgie de la base du crâne (hypophyse, méningo-encéphalocèles). Épistaxis, obstruction nasale, polypose. Une brèche de la lame criblée donne une rhinorrhée cérébro-spinale.	https://fr.wikipedia.org/wiki/Fosses_nasales	4
paroi_laterale_nasale	paroi_laterale_nasale.jpg	libre	Paroi latérale de la cavité nasale, cornets et méats (Gray, 1918)	Paroi latérale de la cavité nasale	Paries lateralis cavitatis nasi	Cavité nasale et sinus	Viscères ORL	Paroi la plus complexe, portant trois (parfois quatre) cornets nasaux enroulés (supérieur, moyen, inférieur), qui augmentent la surface muqueuse et créent des turbulences conditionnant l'air. Sous chaque cornet s'ouvre le méat correspondant.	Méat inférieur : orifice du conduit lacrymo-nasal. Méat moyen : ostiums du sinus frontal (via l'infundibulum), du sinus maxillaire et des cellules ethmoïdales antérieures, groupés dans le complexe ostio-méatal autour de la bulle ethmoïdale et du processus unciné. Méat supérieur : cellules ethmoïdales postérieures. Récessus sphéno-ethmoïdal (au-dessus du cornet supérieur) : ostium du sinus sphénoïdal.	Le complexe ostio-méatal du méat moyen est la clé de la chirurgie endoscopique fonctionnelle des sinus : son obstruction entretient les sinusites chroniques maxillaires et ethmoïdo-frontales. Repère du cornet moyen pour l'accès à l'ethmoïde et à la base du crâne.	https://fr.wikipedia.org/wiki/Fosses_nasales	4
septum_nasal	septum_nasal.jpg	libre	Septum nasal (Gray, 1918)	Septum nasal	Septum nasi	Cavité nasale et sinus	Viscères ORL	Cloison médiane séparant les deux fosses nasales. Sa partie postéro-supérieure est osseuse (lame perpendiculaire de l'ethmoïde), sa partie postéro-inférieure osseuse également (vomer), sa partie antérieure cartilagineuse (cartilage septal), et son bord antéro-inférieur membraneux (septum mobile entre les crus médiales des cartilages alaires).	Recouvert d'une muqueuse respiratoire adhérente au périchondre et au périoste (plan de clivage chirurgical). Sa partie antéro-inférieure porte la tache vasculaire (aire de Kiesselbach ou de Little).	Déviation septale très fréquente (traumatique ou de croissance), source d'obstruction nasale, traitée par septoplastie (résection sous-muqueuse conservatrice). Hématome puis abcès du septum après traumatisme : urgence, risque de nécrose du cartilage et de nez en selle. Perforation septale (chirurgie, cocaïne, granulomatose).	https://fr.wikipedia.org/wiki/Septum_nasal	3
choanes	choanes.jpg	libre	Choanes et voile du palais, vue postérieure (Gray, 1918)	Choanes	Choanae	Cavité nasale et sinus	Viscères ORL	Orifices postérieurs des fosses nasales faisant communiquer la cavité nasale avec le rhinopharynx. Chaque choane est limitée en dedans par le bord postérieur du vomer, en dehors par la lame médiale du processus ptérygoïde, en haut par le corps du sphénoïde et l'aile du vomer, en bas par le bord postérieur de la lame horizontale de l'os palatin.	Le bord supérieur répond à l'ostium pharyngien de la trompe auditive, situé juste en dehors de la choane. En arrière s'étend le rhinopharynx et sa paroi postérieure (tonsille pharyngienne).	L'atrésie choanale (imperforation osseuse ou membraneuse), bilatérale, est une urgence néonatale (le nouveau-né est un respirateur nasal obligatoire : détresse respiratoire cyclique cédant aux cris). Le polype de Killian (polype antro-choanal) prend naissance dans le sinus maxillaire et se prolabe par la choane.	https://fr.wikipedia.org/wiki/Choane	3
sinus_frontal	sinus_frontal.svg	libre	Sinus paranasaux, projection sur la face (schéma légendé)	Sinus frontal	Sinus frontalis	Cavité nasale et sinus	Viscères ORL	Cavité aérienne paire creusée dans l'écaille de l'os frontal, au-dessus des orbites, absente à la naissance et pneumatisée jusqu'à l'adolescence. Il allège le crâne, participe à la résonance vocale et au conditionnement de l'air. Il se draine par le conduit fronto-nasal (ou récessus frontal) dans le méat nasal moyen.	Sa paroi postérieure (fine) le sépare de la fosse crânienne antérieure et des lobes frontaux ; sa paroi inférieure sépare de l'orbite. Les deux sinus sont séparés par un septum souvent asymétrique.	Sinusite frontale : céphalée frontale caractéristique. Complications par contiguïté : ostéomyélite de l'os frontal (tumeur bouffante de Pott), abcès extra- ou sous-dural, empyème, thrombophlébite. Mucocèle frontale érodant l'orbite (exophtalmie, diplopie). Repère médico-légal d'identification (aspect radiologique unique).	https://fr.wikipedia.org/wiki/Sinus_frontal	3
sinus_maxillaire	sinus_maxillaire.svg	libre	Sinus paranasaux, coupe (schéma légendé)	Sinus maxillaire	Sinus maxillaris	Cavité nasale et sinus	Viscères ORL	Plus volumineux des sinus paranasaux, pyramidal, creusé dans le corps du maxillaire, présent dès la naissance. Il se draine dans le méat moyen par un ostium situé en position haute sur sa paroi médiale (drainage anti-gravitaire, défavorable).	Toit : plancher de l'orbite (parcouru par le nerf infra-orbitaire). Plancher : procès alvéolaire, en rapport intime avec les racines des prémolaires et molaires supérieures (parfois intra-sinusiennes). Paroi antérieure : fosse canine. Paroi postérieure : fosse ptérygo-palatine et fosse infra-temporale.	Sinusite maxillaire aiguë (rhinogène) ou chronique d'origine dentaire (odontogène : granulome apical, communication bucco-sinusienne après avulsion). L'aspergillose sinusienne est souvent liée à un dépassement de pâte dentaire. La ponction-lavage se fait par le méat inférieur. Comblement observé sur tout panoramique dentaire.	https://fr.wikipedia.org/wiki/Sinus_maxillaire	4
cellules_ethmoidales	cellules_ethmoidales.jpg	libre	Coupe frontale des fosses nasales et de l'ethmoïde (Gray, 1918)	Cellules ethmoïdales (labyrinthe ethmoïdal)	Cellulae ethmoidales	Cavité nasale et sinus	Viscères ORL	Ensemble de 3 à 18 petites cavités aériennes creusées dans le labyrinthe ethmoïdal, entre l'orbite et la cavité nasale. On les répartit en cellules antérieures et moyennes (drainage dans le méat moyen) et postérieures (drainage dans le méat supérieur). Elles conditionnent l'air et allègent le massif facial.	Séparées de l'orbite par la lame orbitaire (lamina papyracea), très fine. Séparées de la fosse crânienne antérieure par le toit de l'ethmoïde et la lame criblée. En rapport en avant avec le sinus frontal (récessus frontal), en arrière avec le sinus sphénoïdal et le canal optique (cellule d'Onodi).	L'ethmoïdite aiguë de l'enfant se complique volontiers de cellulite orbitaire (par la lamina papyracea) : urgence, TDM, risque d'abcès sous-périosté et de cécité. La cellule d'Onodi expose le nerf optique lors de la chirurgie ethmoïdo-sphénoïdale. Effraction de la lame criblée : rhinorrhée cérébro-spinale peropératoire.	https://fr.wikipedia.org/wiki/Sinus_ethmoïdal	4
sinus_sphenoidal	sinus_sphenoidal.jpg	libre	Paroi médiale de la cavité nasale et sinus sphénoïdal (Gray, 1918)	Sinus sphénoïdal	Sinus sphenoidalis	Cavité nasale et sinus	Viscères ORL	Cavité aérienne paire creusée dans le corps du sphénoïde, au centre de la base du crâne. Il se draine dans le récessus sphéno-ethmoïdal, au-dessus et en arrière du cornet supérieur. Son degré de pneumatisation est très variable (type conchal, présellaire, sellaire).	Toit : selle turcique et hypophyse. Parois latérales : sinus caverneux (avec l'artère carotide interne et les nerfs III, IV, V1, V2, VI), canal optique. Plancher : toit du rhinopharynx et canal ptérygoïdien. En arrière : clivus et tronc cérébral.	Voie d'abord trans-sphénoïdale endoscopique de l'hypophyse (adénomes) et du clivus : le sinus est la chambre de travail. Sinusite sphénoïdale isolée : céphalée du vertex ou rétro-orbitaire, risque de complications neurologiques graves (thrombophlébite du sinus caverneux, méningite, névrite optique) qui imposent l'imagerie en urgence.	https://fr.wikipedia.org/wiki/Sinus_sphénoïdal	4
tache_vasculaire	tache_vasculaire.jpg	libre	Vascularisation du septum nasal (Gray, 1918)	Tache vasculaire (aire de Kiesselbach)	Locus Kiesselbachi	Cavité nasale et sinus	Système vasculaire	Zone anastomotique très vascularisée de la partie antéro-inférieure du septum nasal (aussi appelée aire de Little). Elle réunit des branches des systèmes carotidien externe et interne : artère sphéno-palatine (branche septale postérieure), artère palatine majeure (remontant par le canal incisif), artère labiale supérieure (branche de la faciale) et artère ethmoïdale antérieure (branche de l'ophtalmique).	Située à quelques millimètres de l'orifice narinaire, sur le cartilage septal, dans une muqueuse mince et adhérente exposée à l'air sec et aux traumatismes digitaux.	Siège de plus de 90 pour cent des épistaxis, surtout chez l'enfant et l'adulte jeune (épistaxis bénigne antérieure). Traitement : compression bidigitale narine pincée tête penchée en avant, puis cautérisation (nitrate d'argent) ou méchage antérieur. Les épistaxis postérieures (artère sphéno-palatine) sont plus graves et concernent le sujet âgé hypertendu.	https://fr.wikipedia.org/wiki/Tache_vasculaire	4
innervation_cavite_nasale	innervation_cavite_nasale.jpg	libre	Nerfs du septum nasal (Gray, 1918)	Innervation de la cavité nasale	Nervi cavitatis nasi	Cavité nasale et sinus	Système nerveux	Triple innervation. Sensorielle : l'aire olfactive du toit (nerf olfactif I, dont les fila traversent la lame criblée). Sensitive : branches du nerf ophtalmique V1 (nerfs ethmoïdaux antérieur et postérieur, via le nerf nasociliaire) pour la partie antéro-supérieure, et branches du nerf maxillaire V2 (nerfs nasaux postérieurs et nerf naso-palatin issus du ganglion ptérygo-palatin) pour la partie postéro-inférieure. Végétative : parasympathique sécréto-moteur du VII (nerf grand pétreux, relais dans le ganglion ptérygo-palatin) et sympathique (nerf pétreux profond).	Le ganglion ptérygo-palatin, dans la fosse ptérygo-palatine, est le carrefour de cette innervation autonome et sensitive. Le nerf naso-palatin (de Scarpa) chemine sur le septum vers le canal incisif.	La rhinite vasomotrice et la rhinorrhée du sujet âgé relèvent d'un déséquilibre autonome (traitement par anticholinergique local). Le bloc du ganglion ptérygo-palatin est utilisé dans certaines céphalées et névralgies faciales. L'anesthésie du nerf naso-palatin complète l'anesthésie du bloc incisif maxillaire.	https://fr.wikipedia.org/wiki/Fosses_nasales ; Kamina, Anatomie clinique	3
cavite_buccale	cavite_buccale.jpg	libre	Coupe sagittale de la bouche, du pharynx et du larynx (Gray, 1918)	Cavité buccale	Cavitas oris	Cavité buccale	Viscères ORL	Premier segment du tube digestif, siège de la préhension, de la mastication, de l'insalivation, du début de la déglutition, de la gustation et de la phonation. Elle comprend le vestibule (entre lèvres/joues et arcades dentaires) et la cavité buccale propre (en dedans des arcades), limitée en haut par le palais, en bas par le plancher et la langue, en arrière par l'isthme du gosier.	Communique en avant par l'orifice buccal, en arrière avec l'oropharynx par l'isthme du gosier (limité par le voile, les piliers et la base de langue). Le canal parotidien s'ouvre dans le vestibule en regard de la 2e molaire supérieure ; les canaux submandibulaire et sublinguaux au plancher.	Carcinome épidermoïde de la cavité buccale (tabac, alcool, papillomavirus) : dépistage par inspection et palpation bidigitale de toute lésion persistante. Aphtes, candidose, lichen. La bouche est aussi un miroir de maladies générales (anémie, carences, VIH, Crohn).	https://fr.wikipedia.org/wiki/Cavité_buccale	3
palais_dur	palais_dur.jpg	libre	Palais osseux et arcade alvéolaire (Gray, 1918)	Palais dur (palais osseux)	Palatum durum	Cavité buccale	Viscères ORL	Cloison ostéo-muqueuse séparant la cavité buccale des fosses nasales et formant le plancher de celles-ci. Sa charpente est faite des processus palatins des deux maxillaires (deux tiers antérieurs) et des lames horizontales des deux os palatins (tiers postérieur). Il sert d'appui à la langue lors de la déglutition et de la phonation.	Percé en avant du foramen incisif (nerf naso-palatin, artère palatine majeure) et en arrière des foramens grand et petits palatins (nerfs et vaisseaux palatins). Sa muqueuse, épaisse et adhérente au périoste (fibromuqueuse), porte le raphé médian et les plis palatins transverses.	Fente palatine (défaut de fusion des processus palatins et/ou du palais primaire), isolée ou syndromique, entraînant troubles de succion, otites séreuses et rhinolalie. Torus palatin (exostose médiane bénigne). Zone de prélèvement de greffe gingivale (fibromuqueuse).	https://fr.wikipedia.org/wiki/Palais_osseux	3
voile_du_palais	voile_du_palais.jpg	libre	Muscles du voile du palais, vue postérieure (Gray, 1918)	Voile du palais (palais mou)	Palatum molle	Cavité buccale	Viscères ORL	Cloison musculo-membraneuse mobile prolongeant en arrière le palais osseux, terminée par la luette. Il ferme l'isthme naso-pharyngé pendant la déglutition et la phonation (évite le reflux nasal et la rhinolalie), participe à l'ouverture de la trompe auditive et à la protection des voies aériennes. Cinq muscles pairs le constituent : tenseur et élévateur du voile, muscle de la luette, palato-glosse, palato-pharyngien.	Sa base s'insère sur le bord postérieur du palais osseux (aponévrose palatine). De chaque bord partent deux replis : le pilier antérieur (arc palato-glosse) et le pilier postérieur (arc palato-pharyngien), délimitant la fosse tonsillaire.	Insuffisance vélo-pharyngée (fente palatine opérée, paralysie du X, division sous-muqueuse) : voix nasonnée, reflux liquidien par le nez. Un voile long et bas et une luette épaisse participent au ronflement et au syndrome d'apnées obstructives du sommeil (chirurgie vélaire, uvulo-palato-pharyngoplastie).	https://fr.wikipedia.org/wiki/Voile_du_palais	4
muscle_tenseur_voile_palais	muscle_tenseur_voile_palais.jpg	libre	Muscles du voile du palais, vue postérieure (Gray, 1918)	Muscle tenseur du voile du palais	Musculus tensor veli palatini	Cavité buccale	Myologie	Muscle aplati descendant de la fosse scaphoïde du sphénoïde, de l'épine du sphénoïde et de la lame membraneuse de la trompe auditive. Son tendon se réfléchit à angle droit sur le hamulus ptérygoïdien (qui sert de poulie) puis s'épanouit dans l'aponévrose palatine. Il tend le voile et surtout ouvre la trompe auditive lors de la déglutition et du bâillement (équilibration des pressions de l'oreille moyenne).	Situé en dehors du muscle élévateur, entre la lame médiale du processus ptérygoïde et le muscle ptérygoïdien médial. Le hamulus ptérygoïdien, sa poulie de renvoi, est palpable en arrière de la dernière molaire.	Seul muscle du voile innervé par le nerf mandibulaire (V3), les autres l'étant par le plexus pharyngien (X). Son dysfonctionnement (fente palatine, hypertrophie adénoïdienne) explique les otites séro-muqueuses récidivantes de l'enfant. La section du hamulus a été proposée dans certaines otites chroniques.	https://fr.wikipedia.org/wiki/Muscle_tenseur_du_voile_du_palais	3
muscle_elevateur_voile_palais	muscle_elevateur_voile_palais.jpg	libre	Muscles du voile du palais, vue postérieure (Gray, 1918)	Muscle élévateur du voile du palais	Musculus levator veli palatini	Cavité buccale	Myologie	Muscle cylindrique tendu de la face inférieure de la partie pétreuse du temporal et de la lame cartilagineuse de la trompe auditive à la face supérieure de l'aponévrose palatine. Il élève le voile et le porte en arrière, fermant l'isthme naso-pharyngé (déglutition, phonation). Il participe accessoirement à l'ouverture de la trompe auditive.	Constitue l'essentiel de la masse musculaire du voile, en dedans du tenseur. Passe en dessous de l'extrémité pharyngienne de la trompe auditive, soulevant le repli salpingo-palatin.	Principal muscle de la compétence vélo-pharyngée : sa dysfonction (fente palatine, paralysie du X, myopathie) cause la rhinolalie ouverte et le reflux nasal. Repère de la reconstruction chirurgicale du voile (palatoplastie fonctionnelle, veloplastie intravélaire visant à reconstituer sa sangle).	https://fr.wikipedia.org/wiki/Muscle_élévateur_du_voile_du_palais	3
autres_muscles_voile	autres_muscles_voile.jpg	libre	Muscles du voile du palais, vue postérieure (Gray, 1918)	Muscle de la luette, palato-glosse et palato-pharyngien	Mm. uvulae, palatoglossus, palatopharyngeus	Cavité buccale	Myologie	Trois muscles complétant le voile. Le muscle de la luette (musculus uvulae) raccourcit et relève la luette, contribuant à l'étanchéité vélo-pharyngée. Le palato-glosse forme le pilier antérieur : il élève la base de langue et rétrécit l'isthme du gosier (début de la déglutition). Le palato-pharyngien forme le pilier postérieur : il élève le pharynx et le larynx et rapproche les piliers postérieurs (sphincter).	Le palato-glosse et le palato-pharyngien délimitent la fosse tonsillaire où loge l'amygdale palatine. Le palato-pharyngien participe au raphé pharyngien et au faisceau qui forme le bourrelet de Passavant.	Le palato-glosse est le seul muscle de la langue non innervé par le XII (mais par le plexus pharyngien, X). Une luette bifide signe une fente palatine sous-muqueuse (contre-indication relative à l'adénoïdectomie : risque d'insuffisance vélaire). Ces muscles sont réséqués ou plicaturés dans la chirurgie du ronflement.	https://fr.wikipedia.org/wiki/Voile_du_palais	2
langue	langue.jpg	libre	Muscles extrinsèques de la langue, côté gauche (Gray, 1918)	Langue	Lingua	Cavité buccale	Viscères ORL	Organe musculaire mobile de la cavité buccale, essentiel à la mastication (brassage du bol), à la déglutition (propulsion), à la gustation, à la phonation et à la succion. Elle comprend une racine, un corps et un apex, séparés en deux tiers antérieurs (buccaux, mobiles) et un tiers postérieur (pharyngé, base de langue) par le V lingual, sommet marqué du foramen cæcum.	Quatre muscles intrinsèques (longitudinaux supérieur et inférieur, transverse, vertical) modèlent sa forme ; quatre muscles extrinsèques (génio-glosse, hyo-glosse, stylo-glosse, palato-glosse) la déplacent. La muqueuse dorsale porte les papilles ; la face inférieure laisse voir les veines linguales et le frein.	Innervation : motrice par le XII (sauf palato-glosse) ; sensitive V3 (nerf lingual) pour les 2/3 antérieurs et IX pour le 1/3 postérieur ; gustative VII (corde du tympan) pour les 2/3 antérieurs et IX pour le 1/3 postérieur. Une paralysie du XII dévie la langue protruse vers le côté atteint. Macroglossie (amylose, hypothyroïdie, acromégalie, angio-œdème).	https://fr.wikipedia.org/wiki/Langue_(anatomie)	5
muscle_genio_glosse	muscle_genio_glosse.jpg	libre	Muscles extrinsèques de la langue, côté gauche (Gray, 1918)	Muscle génio-glosse	Musculus genioglossus	Cavité buccale	Myologie	Muscle extrinsèque le plus volumineux de la langue, en éventail sagittal. Il naît de l'épine mentonnière supérieure de la mandibule et rayonne dans toute la longueur de la langue et vers l'os hyoïde. Ses fibres postérieures tirent la langue en avant (protraction), ses fibres antérieures la rétractent et l'abaissent ; l'ensemble creuse le dos de la langue.	Les deux génio-glosses sont accolés sur la ligne médiane, au-dessus des muscles génio-hyoïdien et mylo-hyoïdien. Le nerf hypoglosse chemine sur la face latérale du muscle hyo-glosse à son contact.	Muscle dilatateur clé des voies aériennes supérieures : sa baisse de tonus pendant le sommeil paradoxal explique le collapsus pharyngé du syndrome d'apnées obstructives. La stimulation du nerf hypoglosse (implant) recrute le génio-glosse pour traiter l'apnée du sommeil. Point d'ancrage de la glossopexie.	https://fr.wikipedia.org/wiki/Muscle_génio-glosse	3
muscle_hyo_glosse	muscle_hyo_glosse.jpg	libre	Muscles extrinsèques de la langue, côté gauche (Gray, 1918)	Muscle hyo-glosse	Musculus hyoglossus	Cavité buccale	Myologie	Muscle quadrilatère mince tendu de la grande corne et du corps de l'os hyoïde au bord latéral de la langue, où il s'entrecroise avec le stylo-glosse. Il abaisse la langue et rétracte l'apex, aplatissant le dos de la langue.	Repère chirurgical majeur du plancher buccal. À sa face superficielle (latérale) cheminent le nerf hypoglosse (XII) en bas et le nerf lingual en haut, le conduit submandibulaire entre les deux, ainsi que la veine linguale. À sa face profonde passent l'artère linguale et le nerf glosso-pharyngien.	Le bord postérieur du muscle hyo-glosse est le repère de ligature de l'artère linguale (l'artère est profonde, le nerf hypoglosse superficiel : leur rapport inversé selon le plan est un piège classique). Abord de la loge submandibulaire et du plancher buccal.	https://fr.wikipedia.org/wiki/Muscle_hyo-glosse	3
muscle_stylo_glosse	muscle_stylo_glosse.jpg	libre	Muscles extrinsèques de la langue, côté gauche (Gray, 1918)	Muscle stylo-glosse	Musculus styloglossus	Cavité buccale	Myologie	Muscle grêle tendu de la face antéro-latérale du processus styloïde et du ligament stylo-mandibulaire au bord latéral de la langue, jusqu'à l'apex. Il élève et rétracte la langue (mouvement de succion, déglutition), tirant l'apex en haut et en arrière. Antagoniste du génio-glosse.	Fait partie du rideau stylien. Descend entre les artères carotides externe et interne, en dehors du muscle constricteur supérieur du pharynx, puis s'entrecroise avec le hyo-glosse au bord de la langue.	Innervé par le nerf hypoglosse (XII). Peu individualisé en clinique, mais participe avec les autres muscles extrinsèques aux troubles de la déglutition des paralysies du XII et des atteintes de la base du crâne.	https://fr.wikipedia.org/wiki/Muscle_stylo-glosse	2
papilles_linguales	papilles_linguales.jpg	libre	Cavité buccale, apex de la langue relevé (Gray, 1918)	Papilles linguales	Papillae linguales	Cavité buccale	Viscères ORL	Reliefs de la muqueuse dorsale de la langue. Les papilles filiformes (les plus nombreuses, sans bourgeons du goût) donnent une fonction mécanique de râpe. Les papilles fongiformes (rouges, à l'apex et aux bords) et surtout les papilles caliciformes (7 à 12, alignées en V en avant du sillon terminal) et foliées (bords postérieurs) portent des bourgeons du goût.	Les papilles caliciformes sont entourées d'un sillon dans lequel s'ouvrent les glandes séreuses de von Ebner. Les bourgeons du goût des 2/3 antérieurs sont innervés par la corde du tympan (VII), ceux du V lingual et du 1/3 postérieur par le IX.	Langue dépapillée lisse et brillante (glossite de Hunter) : carence en vitamine B12, en fer ou en folates. Langue géographique (glossite migratrice bénigne). Hypertrophie des papilles caliciformes prise à tort pour une tumeur de la base de langue. Dysgueusie post-virale ou médicamenteuse.	https://fr.wikipedia.org/wiki/Papille_linguale	2
glande_submandibulaire	glande_submandibulaire.jpg	libre	Glandes salivaires, dissection du côté droit (Gray, 1918)	Glande submandibulaire	Glandula submandibularis	Cavité buccale	Glandes	Deuxième glande salivaire par le volume, séro-muqueuse à prédominance séreuse. Elle assure l'essentiel de la sécrétion salivaire de repos. Sa portion superficielle occupe le triangle submandibulaire ; sa portion profonde contourne le bord postérieur du muscle mylo-hyoïdien pour gagner le plancher buccal. Son conduit (de Wharton) s'ouvre à la caroncule sublinguale, de part et d'autre du frein de la langue.	Logée entre les deux ventres du digastrique et le bord mandibulaire, sur les muscles mylo-hyoïdien et hyo-glosse. Le nerf lingual la surcroise puis passe sous le conduit submandibulaire (il le croise deux fois). Le nerf hypoglosse est plus bas. L'artère faciale la traverse ou la contourne. Le rameau marginal du VII passe au-dessus d'elle.	Siège de plus de 80 pour cent des lithiases salivaires (conduit long, ascendant, salive épaisse) : hernie salivaire rythmée par les repas, colique salivaire, sous-maxillite. Repère du rameau marginal du nerf facial lors de la submandibulectomie (incision basse). Adénopathie versus tumeur submandibulaire.	https://fr.wikipedia.org/wiki/Glande_submandibulaire	4
glande_sublinguale	glande_sublinguale.jpg	libre	Glandes salivaires, dissection du côté droit (Gray, 1918)	Glande sublinguale	Glandula sublingualis	Cavité buccale	Glandes	Plus petite des trois grandes glandes salivaires, muqueuse à prédominance de mucus. Amande allongée située sous la muqueuse du plancher buccal, elle soulève le pli sublingual. Elle se draine par une dizaine de petits conduits (de Rivinus) s'ouvrant le long du pli sublingual, parfois par un conduit principal (de Bartholin) rejoignant le conduit submandibulaire.	Repose sur le muscle mylo-hyoïdien, en dedans de la fossette sublinguale de la mandibule, en dehors du conduit submandibulaire et du nerf lingual, en avant de la portion profonde de la glande submandibulaire.	Grenouillette (ranula) : mucocèle de rétention par blessure d'un conduit sublingual, tuméfaction bleutée translucide du plancher buccal, parfois plongeante à travers le mylo-hyoïdien. Origine possible des rares adénocarcinomes du plancher buccal (proportion élevée de tumeurs malignes parmi les tumeurs des glandes salivaires accessoires et sublinguale).	https://fr.wikipedia.org/wiki/Glande_sublinguale	2
dents	dents.svg	libre	Structure d'une dent (schéma légendé)	Dents (organe dentaire)	Dentes	Cavité buccale	Viscères ORL	Organes minéralisés implantés dans les procès alvéolaires, assurant la préhension, la section (incisives), la lacération (canines) et le broyage (prémolaires, molaires) des aliments, ainsi qu'un rôle dans la phonation et l'esthétique. Denture temporaire : 20 dents (2 incisives, 1 canine, 2 molaires par hémi-arcade). Denture permanente : 32 dents (2 incisives, 1 canine, 2 prémolaires, 3 molaires par hémi-arcade).	Chaque dent a une couronne (recouverte d'émail, le tissu le plus dur de l'organisme), une ou plusieurs racines (recouvertes de cément) et un collet. La dentine constitue la masse dentaire ; la pulpe, centrale, contient le paquet vasculo-nerveux entrant par l'apex. Le parodonte (cément, desmodonte, os alvéolaire, gencive) assure l'ancrage.	Carie (déminéralisation bactérienne) évoluant vers la pulpite puis la nécrose et le granulome ou kyste apical. Foyer infectieux dentaire à rechercher avant chirurgie cardiaque, radiothérapie cervico-faciale ou biothérapie (ostéonécrose des bi-phosphonates). Rapport intime des racines des molaires supérieures avec le sinus maxillaire et du nerf alvéolaire inférieur avec les racines des dents de sagesse mandibulaires.	https://fr.wikipedia.org/wiki/Dent	3
tonsille_palatine	tonsille_palatine.jpg	libre	Cavité buccale et fosse tonsillaire (Gray, 1918)	Amygdale (tonsille) palatine	Tonsilla palatina	Cavité buccale	Système lymphatique	Amas de tissu lymphoïde logé dans la fosse tonsillaire, entre les piliers antérieur (palato-glosse) et postérieur (palato-pharyngien) du voile. Sa surface, creusée de cryptes, augmente le contact entre les antigènes des voies aéro-digestives et le tissu lymphoïde. Elle fait partie, avec les tonsilles pharyngienne, tubaires et linguale, de l'anneau lymphatique de Waldeyer.	Sa face profonde (latérale) est séparée du muscle constricteur supérieur du pharynx par une capsule et un espace de décollement (loge). En dehors de ce muscle cheminent l'artère faciale, l'artère palatine ascendante et, plus loin, la carotide interne (à environ 2 cm). Le pôle inférieur répond au nerf glosso-pharyngien.	Angine (pharyngite) érythémateuse (virale) ou érythémato-pultacée (streptocoque du groupe A : score de Mac Isaac, test rapide). Phlegmon péri-amygdalien (trismus, voix de canard, déviation de la luette) à drainer. Hémorragie de la loge après amygdalectomie (artère faciale et ses branches). Une amygdale unilatérale volumineuse et dure fait craindre un lymphome ou un carcinome.	https://fr.wikipedia.org/wiki/Amygdale_palatine	4
nerf_lingual	nerf_lingual.jpg	libre	Distribution des nerfs maxillaire et mandibulaire (Gray, 1918)	Nerf lingual	Nervus lingualis	Cavité buccale	Système nerveux	Branche du nerf mandibulaire (V3) assurant la sensibilité générale des deux tiers antérieurs de la langue, du plancher buccal et de la gencive linguale mandibulaire. Il reçoit la corde du tympan (branche du VII), qui lui apporte les fibres gustatives des deux tiers antérieurs de la langue et les fibres parasympathiques destinées aux glandes submandibulaire et sublinguale (relais dans le ganglion submandibulaire suspendu au nerf).	Descend dans la fosse infra-temporale en avant du nerf alvéolaire inférieur, entre les deux muscles ptérygoïdiens, puis passe sous la muqueuse en regard de la 3e molaire mandibulaire (très superficiel à ce niveau), croise le conduit submandibulaire (dessus puis dessous) et se distribue à la langue sur le muscle hyo-glosse.	Nerf le plus exposé lors de l'avulsion des dents de sagesse mandibulaires et de la chirurgie du plancher buccal : lésion donnant une anesthésie et une agueusie de l'hémilangue, souvent définitive. Repère per-opératoire de la submandibulectomie. Cible du bloc anesthésique lingual (en complément du bloc alvéolaire inférieur).	https://fr.wikipedia.org/wiki/Nerf_lingual	4
pharynx	pharynx.svg	libre	Coupe du pharynx et de ses trois étages (schéma FR)	Pharynx (vue d'ensemble)	Pharynx	Pharynx	Viscères ORL	Conduit musculo-membraneux médian, en fer à cheval ouvert en avant, tendu de la base du crâne à C6 où il se continue par l'œsophage. Carrefour aéro-digestif : il conduit l'air des fosses nasales au larynx et le bol alimentaire de la bouche à l'œsophage. Il assure le temps pharyngé de la déglutition, participe à la phonation (résonance) et à l'audition (ouverture de la trompe auditive).	Paroi faite de trois muscles constricteurs (supérieur, moyen, inférieur) emboîtés comme des cornets et de trois muscles élévateurs (stylo-pharyngien, palato-pharyngien, salpingo-pharyngien). En arrière : espace rétro-pharyngé puis lame prévertébrale et rachis. Latéralement : espace para-pharyngé, gaine carotidienne, nerfs IX à XII.	Innervé par le plexus pharyngien (IX sensitif, X moteur ; le stylo-pharyngien par le IX). Les zones de faiblesse entre les muscles (triangle de Killian entre les deux faisceaux du constricteur inférieur) sont le siège du diverticule de Zenker. Cancer du pharynx (tabac-alcool, HPV pour l'oropharynx).	https://fr.wikipedia.org/wiki/Pharynx	4
rhinopharynx	rhinopharynx.svg	libre	Coupe du pharynx : étage nasal (schéma FR)	Rhinopharynx (nasopharynx, cavum)	Pars nasalis pharyngis	Pharynx	Viscères ORL	Étage supérieur du pharynx, purement respiratoire, situé en arrière des choanes et au-dessus du voile du palais. Sa paroi reste béante (armature fibreuse, fascia pharyngo-basilaire). Il contient sur sa paroi postéro-supérieure la tonsille pharyngienne et sur ses parois latérales l'ostium pharyngien de la trompe auditive, bordé du torus tubaire et de la fossette de Rosenmüller en arrière.	Toit et paroi postérieure appliqués sur le corps du sphénoïde, la partie basilaire de l'occiput et l'arc antérieur de l'atlas. En dehors : espace para-pharyngé, muscle tenseur du voile, carotide interne.	Carcinome indifférencié du nasopharynx (UCNT), lié au virus d'Epstein-Barr, endémique en Asie du Sud-Est : révélé par une adénopathie cervicale haute, une otite séreuse unilatérale de l'adulte, une obstruction nasale ou une atteinte des nerfs crâniens. La fossette de Rosenmüller est son point de départ le plus fréquent. Hypertrophie des végétations adénoïdes de l'enfant.	https://fr.wikipedia.org/wiki/Rhinopharynx	4
oropharynx	oropharynx.svg	libre	Coupe du pharynx : étage buccal (schéma FR)	Oropharynx	Pars oralis pharyngis	Pharynx	Viscères ORL	Étage moyen du pharynx, aéro-digestif, situé entre le plan du voile du palais (en haut) et le plan de l'os hyoïde ou du bord supérieur de l'épiglotte (en bas), en arrière de l'isthme du gosier. Il contient la base de langue, les tonsilles palatines et linguale, les vallécules.	Paroi antérieure : base de langue et face linguale de l'épiglotte (repli glosso-épiglottique médian et replis pharyngo-épiglottiques latéraux délimitant les vallécules). Parois latérales : loges tonsillaires. En arrière : constricteur supérieur et moyen, espace rétro-pharyngé, C2-C3.	Siège d'incidence croissante de carcinomes épidermoïdes liés au papillomavirus (HPV 16), de meilleur pronostic, touchant la base de langue et l'amygdale de sujets plus jeunes. La base de langue et les vallécules sont des zones de stase (fausses routes, corps étrangers). Repère de la laryngoscopie (la lame se cale dans la vallécule pour charger l'épiglotte).	https://fr.wikipedia.org/wiki/Oropharynx	4
laryngopharynx	laryngopharynx.svg	libre	Coupe du pharynx : étage laryngé (schéma FR)	Laryngopharynx (hypopharynx)	Pars laryngea pharyngis	Pharynx	Viscères ORL	Étage inférieur du pharynx, du bord supérieur de l'épiglotte au bord inférieur du cartilage cricoïde (C6), où il se continue par l'œsophage. Il entoure en arrière et sur les côtés l'orifice du larynx. Il conduit le bol alimentaire vers l'œsophage tandis que le larynx se ferme.	Comprend trois régions : les deux sinus piriformes (gouttières latérales entre le repli ary-épiglottique et le cartilage thyroïde), la région rétro-crico-aryténoïdienne et la paroi pharyngée postérieure. Le nerf laryngé inférieur (récurrent) et le pédicule laryngé supérieur sont dans ses parois.	Carcinome du sinus piriforme (typique du buveur-fumeur dénutri) : longtemps latent, révélé par une dysphagie, une otalgie réflexe (X) et une adénopathie ; pronostic sombre. Corps étranger (arête) volontiers bloqué dans le sinus piriforme ou la vallécule. Le sinus piriforme est la porte d'entrée d'exploration en endoscopie et d'une fistule congénitale (4e arc).	https://fr.wikipedia.org/wiki/Laryngopharynx	3
muscle_constricteur_superieur	muscle_constricteur_superieur.jpg	libre	Muscles du pharynx (Gray, 1918)	Muscle constricteur supérieur du pharynx	Musculus constrictor pharyngis superior	Pharynx	Myologie	Muscle quadrilatère formant la paroi latérale du rhinopharynx et de la partie haute de l'oropharynx. Il naît en avant du raphé ptérygo-mandibulaire (et de structures voisines : hamulus, mandibule, langue) et se termine en arrière sur le raphé pharyngien médian et le tubercule pharyngien de l'occiput. Il rétrécit la lumière pharyngée lors de la déglutition et forme le bourrelet de Passavant à son bord supérieur.	Son bord supérieur, libre, laisse un intervalle avec la base du crâne (fascia pharyngo-basilaire) que franchissent la trompe auditive et le muscle élévateur du voile. Le nerf glosso-pharyngien et le muscle stylo-pharyngien passent entre lui et le constricteur moyen.	Sa contraction insuffisante ou asynchrone (paralysie du X, myopathie, presbyphagie) donne des fausses routes hautes et un reflux nasal. Le hiatus supérieur est une voie de diffusion des infections para-pharyngées.	https://fr.wikipedia.org/wiki/Muscle_constricteur_supérieur_du_pharynx	2
muscle_constricteur_moyen	muscle_constricteur_moyen.jpg	libre	Muscles du pharynx (Gray, 1918)	Muscle constricteur moyen du pharynx	Musculus constrictor pharyngis medius	Pharynx	Myologie	Muscle triangulaire formant la paroi de l'oropharynx. Il naît des cornes de l'os hyoïde et du ligament stylo-hyoïdien, s'évase en éventail et se termine sur le raphé pharyngien médian, chevauchant en arrière le constricteur supérieur (par-dessus) et étant recouvert par le constricteur inférieur. Il propulse le bol de l'oropharynx vers le laryngopharynx.	Son bord inférieur laisse passer, entre lui et le constricteur inférieur, le nerf laryngé supérieur (branche interne) et l'artère laryngée supérieure vers la membrane thyro-hyoïdienne. Son bord supérieur livre passage au stylo-pharyngien et au IX.	L'intervalle entre constricteurs moyen et inférieur est une voie d'abord chirurgicale du pharynx (pharyngotomie latérale) et un point de faiblesse. Repère du pédicule laryngé supérieur.	https://fr.wikipedia.org/wiki/Muscle_constricteur_moyen_du_pharynx	2
muscle_constricteur_inferieur	muscle_constricteur_inferieur.jpg	libre	Muscles du pharynx (Gray, 1918)	Muscle constricteur inférieur du pharynx	Musculus constrictor pharyngis inferior	Pharynx	Myologie	Le plus épais des constricteurs, formant la paroi du laryngopharynx. Il comprend deux faisceaux : le thyro-pharyngien (fibres obliques, sur la ligne oblique du cartilage thyroïde) et le crico-pharyngien (fibres horizontales, sur le cartilage cricoïde), ce dernier jouant le rôle de sphincter supérieur de l'œsophage. Il propulse le bol vers l'œsophage.	Recouvre en partie les constricteurs moyen et supérieur. Le nerf laryngé inférieur (récurrent) remonte à son bord inférieur, en arrière de l'articulation crico-thyroïdienne, pour entrer dans le larynx. Le triangle de Killian sépare les deux faisceaux thyro- et crico-pharyngien.	L'achalasie du crico-pharyngien (défaut de relaxation) et la faiblesse du triangle de Killian créent le diverticule pharyngo-œsophagien de Zenker (dysphagie haute, régurgitations d'aliments non digérés, halitose, gargouillis), traité par myotomie du crico-pharyngien. Le nerf récurrent à son bord inférieur est le repère de la thyroïdectomie.	https://fr.wikipedia.org/wiki/Muscle_constricteur_inférieur_du_pharynx	3
muscles_elevateurs_pharynx	muscles_elevateurs_pharynx.jpg	libre	Muscle stylo-pharyngien (schéma)	Muscles élévateurs du pharynx	Mm. stylopharyngeus, palatopharyngeus, salpingopharyngeus	Pharynx	Myologie	Trois muscles longitudinaux internes qui raccourcissent et élargissent le pharynx et élèvent le larynx pendant la déglutition, participant à la fermeture du vestibule laryngé. Le stylo-pharyngien descend du processus styloïde ; le palato-pharyngien descend du voile (pilier postérieur) ; le salpingo-pharyngien descend de la trompe auditive.	Le stylo-pharyngien pénètre la paroi pharyngée entre les constricteurs supérieur et moyen, accompagné du nerf glosso-pharyngien qui l'innerve (seul muscle du pharynx moteur du IX). Les trois muscles convergent vers la sous-muqueuse pharyngée et le bord postérieur du cartilage thyroïde.	Le palato-pharyngien (avec le palato-glosse) est réséqué ou remodelé dans la chirurgie du ronflement et de l'apnée du sommeil. Le salpingo-pharyngien participe à l'ouverture active de la trompe auditive à la déglutition (manœuvre de Toynbee).	https://fr.wikipedia.org/wiki/Muscle_stylo-pharyngien	2
trompe_auditive	trompe_auditive.jpg	libre	Trompe auditive et caisse du tympan (Gray, 1918)	Trompe auditive (d'Eustache)	Tuba auditiva	Pharynx	Organe des sens	Conduit ostéo-cartilagineux d'environ 36 mm reliant la paroi antérieure de la caisse du tympan à la paroi latérale du rhinopharynx. Son tiers postéro-latéral est osseux (dans le rocher), ses deux tiers antéro-médiaux cartilagineux. Normalement fermée, elle s'ouvre brièvement à la déglutition et au bâillement (muscles tenseur et élévateur du voile, salpingo-pharyngien) pour équilibrer la pression de l'oreille moyenne et drainer ses sécrétions.	L'isthme (jonction os-cartilage) est son point le plus étroit. L'ostium pharyngien, sur la paroi latérale du rhinopharynx en arrière du cornet inférieur, est entouré du torus tubaire. Chez l'enfant, la trompe est plus courte, plus horizontale et plus béante.	Dysfonction tubaire : otite séro-muqueuse et otite moyenne aiguë récidivante de l'enfant (favorisées par l'hypertrophie adénoïdienne obstruant l'ostium), pose d'aérateurs trans-tympaniques. Barotraumatisme (plongée, avion). Une otite séreuse unilatérale persistante chez l'adulte impose l'examen du cavum (cancer du nasopharynx).	https://fr.wikipedia.org/wiki/Trompe_auditive	4
tonsille_pharyngienne	tonsille_pharyngienne.jpg	libre	Paroi antérieure du rhinopharynx vue au laryngoscope (Gray, 1918)	Amygdale pharyngée (végétations adénoïdes)	Tonsilla pharyngea	Pharynx	Système lymphatique	Amas de tissu lymphoïde impair de la paroi postéro-supérieure du rhinopharynx, recouvert d'un épithélium respiratoire cilié plissé (et non cryptique comme la tonsille palatine). Élément supérieur de l'anneau de Waldeyer, elle participe à l'immunité des muqueuses. Physiologiquement volumineuse chez l'enfant, elle régresse après 7 à 10 ans.	En rapport en avant avec les choanes, en dehors avec les ostiums tubaires, en haut avec le corps du sphénoïde et le basi-occiput.	Son hypertrophie (végétations adénoïdes) obstrue les choanes et les ostiums tubaires : respiration buccale, ronflement, rhinorrhée chronique, otites séreuses, faciès adénoïdien, parfois syndrome d'apnées du sommeil de l'enfant. Traitement par adénoïdectomie. Un reliquat adénoïdien de l'adulte ou une masse asymétrique doit faire éliminer un carcinome du cavum ou un lymphome.	https://fr.wikipedia.org/wiki/Amygdale_pharyngée	3
larynx	larynx.jpg	libre	Larynx, vue antérieure et sagittale (Gray, 1918)	Larynx (vue d'ensemble)	Larynx	Larynx et thyroïde	Viscères ORL	Organe impair et médian de la partie antéro-supérieure du cou (C3 à C6), à la jonction du pharynx et de la trachée. Trois fonctions : protection des voies aériennes inférieures pendant la déglutition (sphincter à trois niveaux : épiglotte, bandes ventriculaires, plis vocaux), phonation (vibration des plis vocaux), et contrôle du flux respiratoire (effort à glotte fermée, toux).	Charpente de neuf cartilages (thyroïde, cricoïde et épiglotte impairs ; aryténoïdes, corniculés et cunéiformes pairs) unis par des membranes et des articulations synoviales (crico-thyroïdienne et crico-aryténoïdienne). En avant : muscles infra-hyoïdiens, isthme thyroïdien bas. En arrière : laryngopharynx. Latéralement : lobes thyroïdiens, paquet vasculo-nerveux du cou.	Innervation par le nerf vague : nerf laryngé supérieur (sensitif au-dessus des plis vocaux et moteur du crico-thyroïdien) et nerf laryngé inférieur ou récurrent (moteur de tous les autres muscles, sensitif sous les plis). Dyspnée laryngée (bradypnée inspiratoire, cornage, tirage) = urgence. Traumatisme, intubation, cancer (dysphonie de plus de 3 semaines chez un fumeur).	https://fr.wikipedia.org/wiki/Larynx	5
cartilage_thyroide	cartilage_thyroide.svg|cartilage_thyroide-3d.jpg	libre	Cartilage thyroïde	Cartilage thyroïde	Cartilago thyroidea	Larynx et thyroïde	Viscères ORL	Plus volumineux cartilage du larynx, formé de deux lames quadrilatérales réunies en avant selon un angle (proéminence laryngée ou pomme d'Adam, plus marquée chez l'homme). Il protège la partie antérieure du larynx et sert d'insertion aux plis vocaux (angle rentrant), aux bandes ventriculaires et à plusieurs muscles.	Chaque lame porte en arrière une corne supérieure (reliée à l'os hyoïde par le ligament thyro-hyoïdien latéral) et une corne inférieure (articulée avec le cartilage cricoïde). Sa face externe porte la ligne oblique (insertion des muscles sterno-thyroïdien, thyro-hyoïdien et constricteur inférieur).	Repère de surface constant (ponction inter-crico-thyroïdienne juste en dessous). Fracture par traumatisme cervical direct (emphysème sous-cutané, dysphonie, dyspnée). L'angle est réduit dans la chirurgie de féminisation vocale ; il est augmenté (thyroplastie) pour médialiser un pli vocal paralysé.	https://fr.wikipedia.org/wiki/Cartilage_thyroïde	4
cartilage_cricoide	cartilage_cricoide.svg	libre	Cartilage cricoïde	Cartilage cricoïde	Cartilago cricoidea	Larynx et thyroïde	Viscères ORL	Cartilage en forme d'anneau à chaton postérieur (bague), situé à hauteur de C6. Seul cartilage formant un anneau complet des voies aériennes : il est la clé de voûte structurelle du larynx et le point d'appui de la trachée. Il porte les articulations avec les cartilages thyroïde et aryténoïdes.	Son arc antérieur est relié au bord inférieur du cartilage thyroïde par le ligament crico-thyroïdien médian, et son bord inférieur au premier anneau trachéal par le ligament crico-trachéal. Le nerf récurrent passe en arrière de l'articulation crico-thyroïdienne.	Repère de la manœuvre de Sellick (pression cricoïdienne pour occlure l'œsophage lors de l'induction anesthésique à estomac plein). Une fracture ou un traumatisme du cricoïde compromet toute la statique laryngée. La sténose sous-glottique (post-intubation prolongée, surtout chez l'enfant où le cricoïde est le point le plus étroit) siège à son niveau.	https://fr.wikipedia.org/wiki/Cartilage_cricoïde	4
cartilages_arytenoides	cartilages_arytenoides.jpg	libre	Cartilages aryténoïdes et cricoïde (Gray, 1918)	Cartilages aryténoïdes	Cartilagines arytenoideae	Larynx et thyroïde	Viscères ORL	Deux petits cartilages pyramidaux posés sur le bord supérieur du chaton cricoïdien, mobiles par une articulation synoviale. Chacun porte un processus vocal (antérieur, insertion du pli vocal) et un processus musculaire (latéral, insertion des muscles crico-aryténoïdiens). Leur rotation et leur glissement ouvrent (abduction) ou ferment (adduction) la glotte.	Leur sommet est surmonté du cartilage corniculé (de Santorini). Ils sont reliés entre eux par le muscle aryténoïdien et à l'épiglotte par le pli ary-épiglottique (contenant le cartilage cunéiforme de Wrisberg).	Luxation de l'aryténoïde après intubation traumatique (dysphonie, immobilité d'un pli vocal simulant une paralysie récurrentielle ; à réduire précocement). Granulome du processus vocal (intubation, reflux, forçage vocal). Repère de l'aryténoïdopexie et de la chirurgie de la glotte postérieure.	https://fr.wikipedia.org/wiki/Cartilage_aryténoïde	3
epiglotte	epiglotte.svg	libre	Épiglotte et entrée du larynx	Épiglotte	Epiglottis	Larynx et thyroïde	Viscères ORL	Lame de cartilage élastique en forme de raquette, fixée par son pied à l'angle rentrant du cartilage thyroïde. Elle bascule en arrière et en bas pendant la déglutition (sous l'effet de la remontée du larynx et de la base de langue) pour coiffer l'entrée du larynx et orienter le bol vers les sinus piriformes.	Sa face antérieure (linguale) est reliée à la base de langue par les replis glosso-épiglottiques délimitant les vallécules, et à l'os hyoïde par le ligament hyo-épiglottique. Sa face postérieure (laryngée) regarde le vestibule. Ses bords se continuent par les replis ary-épiglottiques.	Épiglottite aiguë (Haemophilus influenzae b, devenue rare grâce à la vaccination) : urgence vitale de l'enfant, dyspnée fébrile avec position assise penchée en avant, hypersialorrhée, voix étouffée ; ne pas allonger ni examiner à l'abaisse-langue. Chez l'adulte, tableau plus torpide. Repère de l'intubation (la lame courbe se cale dans la vallécule, la lame droite charge l'épiglotte).	https://fr.wikipedia.org/wiki/Épiglotte	4
membrane_thyrohyoidienne	membrane_thyrohyoidienne.svg	libre	Membranes et ligaments du larynx	Membrane thyro-hyoïdienne	Membrana thyrohyoidea	Larynx et thyroïde	Viscères ORL	Large membrane fibro-élastique unissant le bord supérieur du cartilage thyroïde au bord supérieur de l'os hyoïde. Elle suspend le larynx à l'os hyoïde et se laisse traverser latéralement par le pédicule laryngé supérieur. Épaissie sur la ligne médiane (ligament thyro-hyoïdien médian) et sur ses bords (ligaments thyro-hyoïdiens latéraux, contenant le cartilage triticé).	Sa partie latérale est perforée par la branche interne du nerf laryngé supérieur et l'artère laryngée supérieure, qui pénètrent ensemble dans le larynx. La bourse rétro-hyoïdienne facilite le glissement contre l'os hyoïde à la déglutition.	Voie du bloc du nerf laryngé supérieur (anesthésie de la muqueuse sus-glottique avant fibroscopie ou intubation vigile). Voie d'abord de la pharyngotomie sus-hyoïdienne. Point d'émergence d'une laryngocèle externe.	https://fr.wikipedia.org/wiki/Membrane_thyro-hyoïdienne	2
cone_elastique	cone_elastique.svg	libre	Cône élastique et ligament crico-thyroïdien	Cône élastique et ligament crico-thyroïdien	Conus elasticus	Larynx et thyroïde	Viscères ORL	Membrane fibro-élastique de l'étage sous-glottique, tendue du bord supérieur du cartilage cricoïde aux plis vocaux, dont le bord libre supérieur épaissi forme le ligament vocal. Sa partie médiane antérieure, épaissie, est le ligament crico-thyroïdien médian. Le cône élastique donne aux plis vocaux leur tension et leur bord tranchant.	En dedans, il est tapissé par la muqueuse sous-glottique. Le ligament crico-thyroïdien médian est directement sous la peau, entre les cartilages thyroïde et cricoïde, dans un espace peu vascularisé (seule l'artère crico-thyroïdienne, anastomose des laryngées supérieures, le croise).	Site de la cricothyroïdotomie (ou coniotomie) : abord d'urgence des voies aériennes en cas d'intubation et de ventilation impossibles, par incision ou ponction du ligament crico-thyroïdien médian, repéré entre pomme d'Adam et arc cricoïdien. Rapide et superficiel, à convertir secondairement en trachéotomie.	https://fr.wikipedia.org/wiki/Cône_élastique	4
plis_vocaux	plis_vocaux.jpg	libre	Glotte et plis vocaux vus au laryngoscope (Gray, 1918)	Plis vocaux (cordes vocales)	Plicae vocales	Larynx et thyroïde	Viscères ORL	Replis pairs de l'étage glottique, tendus du processus vocal de l'aryténoïde à l'angle du cartilage thyroïde. Chacun comprend le ligament vocal (bord libre du cône élastique), le muscle vocal (thyro-aryténoïdien interne) et une muqueuse malpighienne fine glissant librement sur eux (espace de Reinke). Leur accolement et leur vibration muqueuse produisent le son laryngé (théorie myo-élastique aérodynamique).	L'espace entre les deux plis est la glotte (fente glottique), la partie la plus étroite du larynx de l'adulte, comprenant une glotte membraneuse (2/3 antérieurs, phonatoire) et une glotte cartilagineuse (1/3 postérieur, respiratoire). Au-dessus se trouvent le ventricule laryngé et les bandes ventriculaires.	Nodules (kissing nodules du forçage vocal), polype, kyste, œdème de Reinke (tabac, femme) : dysphonie chronique, exploration par laryngoscopie et stroboscopie de l'onde muqueuse. Cancer glottique : dysphonie précoce donc diagnostic souvent T1, bon pronostic. Paralysie récurrentielle en position para-médiane.	https://fr.wikipedia.org/wiki/Corde_vocale	5
muscle_cricothyroidien	muscle_cricothyroidien.svg	libre	Muscle crico-thyroïdien	Muscle crico-thyroïdien	Musculus cricothyroideus	Larynx et thyroïde	Myologie	Seul muscle intrinsèque du larynx visible de l'extérieur, tendu de l'arc antérieur du cartilage cricoïde au bord inférieur et à la corne inférieure du cartilage thyroïde. En basculant le cartilage thyroïde en avant sur l'articulation crico-thyroïdienne, il allonge et tend les plis vocaux : c'est le muscle des sons aigus (élévation du fondamental).	Superficiel, recouvert par les muscles infra-hyoïdiens. Comprend une partie droite (verticale) et une partie oblique. En arrière de lui se trouve le lobe latéral de la glande thyroïde.	Seul muscle laryngé innervé par la branche externe du nerf laryngé supérieur (les autres par le récurrent). Sa paralysie isolée (chirurgie thyroïdienne, du pôle supérieur) donne une voix fatigable, incapable des aigus (plainte typique des chanteurs) et une bascule postérieure de la commissure. Le tubercule de Zuckerkandl et le pôle supérieur thyroïdien sont les zones de risque.	https://fr.wikipedia.org/wiki/Muscle_crico-thyroïdien	3
muscle_cricoarytenoidien_posterieur	muscle_cricoarytenoidien_posterieur.jpg	libre	Muscles intrinsèques du larynx, vue postérieure (Gray, 1918)	Muscle crico-aryténoïdien postérieur	Musculus cricoarytenoideus posterior	Larynx et thyroïde	Myologie	Tendu de la face postérieure de la lame cricoïdienne au processus musculaire de l'aryténoïde. Il fait tourner l'aryténoïde de façon à écarter les processus vocaux : c'est le SEUL muscle abducteur (ouvreur) de la glotte, donc le seul dilatateur des voies aériennes au niveau laryngé. Il s'active à chaque inspiration.	Sur la face postérieure du larynx, recouvert par la muqueuse pharyngée et le muscle aryténoïdien.	Sa paralysie bilatérale (chirurgie thyroïdienne bilatérale, atteinte des deux récurrents) laisse les deux plis vocaux en adduction (position para-médiane) : dyspnée laryngée sévère imposant trachéotomie ou cordotomie postérieure. Muscle cible des théories de la dysfonction des cordes vocales et du laryngospasme.	https://fr.wikipedia.org/wiki/Muscle_crico-aryténoïdien_postérieur	4
muscle_cricoarytenoidien_lateral	muscle_cricoarytenoidien_lateral.jpg	libre	Muscles intrinsèques du larynx, vue latérale (Gray, 1918)	Muscle crico-aryténoïdien latéral	Musculus cricoarytenoideus lateralis	Larynx et thyroïde	Myologie	Tendu du bord supérieur de l'arc cricoïdien au processus musculaire de l'aryténoïde. Il fait tourner l'aryténoïde en sens inverse du crico-aryténoïdien postérieur : il rapproche les processus vocaux et ferme la partie membraneuse de la glotte (adducteur). Antagoniste direct de l'abducteur postérieur.	Sur la face latérale du larynx, sous la muqueuse du ventricule, recouvert par la lame du cartilage thyroïde.	Participe avec le thyro-aryténoïdien et l'aryténoïdien à la fermeture glottique de la phonation et du sphincter de protection. Son hyperactivité participe à la dysphonie spasmodique en adduction (traitée par toxine botulique).	https://fr.wikipedia.org/wiki/Muscle_crico-aryténoïdien_latéral	2
muscle_thyroarytenoidien	muscle_thyroarytenoidien.jpg	libre	Muscles intrinsèques du larynx (Gray, 1918)	Muscle thyro-aryténoïdien (et muscle vocal)	Musculus thyroarytenoideus	Larynx et thyroïde	Myologie	Tendu de l'angle du cartilage thyroïde au cartilage aryténoïde. Ses fibres internes constituent le muscle vocal, accolé au ligament vocal, qui règle finement la tension et la masse vibrante du pli vocal (ajustement du timbre et de la hauteur, sons graves). Ses fibres externes adductent et raccourcissent le pli vocal.	Forme le corps du pli vocal, sous la muqueuse et l'espace de Reinke. Ses faisceaux supérieurs gagnent le repli ary-épiglottique (muscle thyro-épiglottique) et participent à la fermeture du vestibule.	Cible de la myotomie et de la médialisation dans la chirurgie de la voix. La toxine botulique y est injectée dans la dysphonie spasmodique en adduction. Son atrophie (presbyphonie, paralysie ancienne) crée un fuseau glottique et une voix soufflée.	https://fr.wikipedia.org/wiki/Muscle_thyro-aryténoïdien	3
muscle_arytenoidien	muscle_arytenoidien.jpg	libre	Muscles intrinsèques du larynx, vue postérieure (Gray, 1918)	Muscle aryténoïdien (transverse et oblique)	Musculus arytenoideus	Larynx et thyroïde	Myologie	Seul muscle intrinsèque impair du larynx, tendu entre les deux cartilages aryténoïdes (faisceau transverse) avec des fibres croisées (faisceau oblique se prolongeant dans le repli ary-épiglottique). Il rapproche les deux aryténoïdes et ferme la partie postérieure (cartilagineuse) de la glotte, complétant l'adduction et le sphincter de protection.	Sur la face postérieure des cartilages aryténoïdes, recouvert par la muqueuse pharyngée.	Son innervation par les deux nerfs récurrents (croisée) explique qu'il reste partiellement fonctionnel en cas de paralysie récurrentielle unilatérale, contribuant à une fermeture glottique résiduelle. Insuffisance de fermeture postérieure dans les paralysies et l'atrophie.	https://fr.wikipedia.org/wiki/Muscle_aryténoïdien	2
nerf_larynge_superieur	nerf_larynge_superieur.jpg	libre	Nerfs du larynx (Gray, 1918)	Nerf laryngé supérieur	Nervus laryngeus superior	Larynx et thyroïde	Système nerveux	Branche du nerf vague (X) née du ganglion inférieur du vague, sous la base du crâne. Elle descend en dedans de la carotide interne puis se divise : la branche interne, sensitive, perfore la membrane thyro-hyoïdienne et innerve la muqueuse laryngée au-dessus des plis vocaux (et la base de langue) ; la branche externe, motrice, innerve le muscle crico-thyroïdien.	La branche externe descend le long du constricteur inférieur, en rapport intime avec l'artère thyroïdienne supérieure et le pôle supérieur du lobe thyroïdien.	La branche externe est lésée dans la chirurgie du pôle supérieur thyroïdien (ligature de l'artère thyroïdienne supérieure au ras de la glande pour l'éviter) : voix fatigable, perte des aigus, fausses routes discrètes (par anesthésie sus-glottique si la branche interne est aussi touchée). Bloc de la branche interne pour l'intubation vigile.	https://fr.wikipedia.org/wiki/Nerf_laryngé_supérieur	4
nerf_larynge_recurrent	nerf_larynge_recurrent.jpg	libre	Trajet des nerfs laryngés récurrents (Gray, 1918)	Nerf laryngé récurrent (laryngé inférieur)	Nervus laryngeus recurrens	Larynx et thyroïde	Système nerveux	Branche du nerf vague à trajet récurrent : le récurrent droit naît à la base du cou, contourne l'artère subclavière droite ; le récurrent gauche naît dans le thorax, contourne la crosse de l'aorte sous le ligament artériel. Tous deux remontent dans l'angle trachéo-œsophagien jusqu'au larynx. Ils innervent tous les muscles intrinsèques du larynx sauf le crico-thyroïdien, et la muqueuse sous-glottique.	Dans le cou, rapport constant avec l'artère thyroïdienne inférieure (le nerf passe en avant, en arrière ou entre ses branches) et avec le ligament suspenseur de Berry, à l'entrée du larynx en arrière de l'articulation crico-thyroïdienne. Un récurrent droit non récurrent (0,5 pour cent) accompagne une artère lusoria.	Repère et enjeu majeur de la thyroïdectomie (neuromonitoring peropératoire) : sa lésion unilatérale donne une dysphonie avec pli vocal en position para-médiane ; bilatérale, une dyspnée laryngée (plis en adduction) imposant une trachéotomie. Le récurrent gauche peut être comprimé par une pathologie médiastinale (cancer bronchique de l'apex, anévrisme aortique, adénopathie) : dysphonie révélatrice.	https://fr.wikipedia.org/wiki/Nerf_laryngé_récurrent	5
glande_thyroide	glande_thyroide.svg	libre	Glande thyroïde, vue antérieure	Glande thyroïde	Glandula thyroidea	Larynx et thyroïde	Glandes	Glande endocrine impaire en forme de papillon, faite de deux lobes latéraux réunis par un isthme, appliquée sur les premiers anneaux trachéaux et les faces latérales du larynx. Elle sécrète les hormones thyroïdiennes T3 et T4 (métabolisme, croissance, thermogenèse, développement cérébral) à partir des follicules, et la calcitonine par les cellules C.	Entourée d'une gaine viscérale (lame prétrachéale) qui la fixe au larynx et à la trachée (ligament de Berry) : elle est ascensionnée à la déglutition. En arrière : nerfs récurrents dans l'angle trachéo-œsophagien, parathyroïdes, gaine carotidienne. Vascularisée par les artères thyroïdiennes supérieure (carotide externe) et inférieure (tronc thyro-cervical), et parfois l'artère thyroïdea ima. Un lobe pyramidal (reliquat du tractus thyréoglosse) monte de l'isthme.	Nodule thyroïdien très fréquent (échographie, classification EU-TIRADS, cytoponction). Goitre, hyper- (Basedow) et hypothyroïdie (Hashimoto). Cancer thyroïdien (papillaire le plus souvent, bon pronostic). Kyste du tractus thyréoglosse sur la ligne médiane (mobile à la protraction de la langue). Complications de la thyroïdectomie : nerfs récurrents, hypoparathyroïdie, hématome compressif.	https://fr.wikipedia.org/wiki/Glande_thyroïde	5
glandes_parathyroides	glandes_parathyroides.jpg	libre	Glandes parathyroïdes, vue postérieure de la thyroïde	Glandes parathyroïdes	Glandulae parathyroideae	Larynx et thyroïde	Glandes	Quatre petites glandes (parfois plus) de la taille d'une lentille, appliquées sur la face postérieure des lobes thyroïdiens. Elles sécrètent la parathormone (PTH), principal régulateur de la calcémie : la PTH élève le calcium sanguin en stimulant la résorption osseuse, la réabsorption rénale du calcium et la synthèse de calcitriol (absorption intestinale).	Les parathyroïdes supérieures (issues de la 4e poche pharyngée) sont en position assez constante, au-dessus du croisement du récurrent et de l'artère thyroïdienne inférieure. Les parathyroïdes inférieures (issues de la 3e poche, migrant avec le thymus) sont plus variables, parfois intrathymiques ou médiastinales. Elles sont surtout vascularisées par l'artère thyroïdienne inférieure.	Hyperparathyroïdie primaire (adénome unique le plus souvent) : hypercalcémie, lithiase rénale, ostéopénie, asthénie ; repérage par scintigraphie au MIBI et échographie avant chirurgie ciblée. L'hypoparathyroïdie post-thyroïdectomie (dévascularisation ou exérèse involontaire) donne une hypocalcémie aiguë (paresthésies, signe de Chvostek et de Trousseau, tétanie). Réimplantation d'une parathyroïde dans le muscle sterno-cléido-mastoïdien.	https://fr.wikipedia.org/wiki/Glande_parathyroïde	4
orbite_osseuse	orbite_osseuse.jpg	libre	Orbite osseuse, vue antérieure (Gray, 1918)	Orbite osseuse	Orbita	Orbite et œil	Ostéologie	Cavité pyramidale à base antérieure et sommet postéro-médial, contenant le globe oculaire, ses muscles, ses nerfs, ses vaisseaux, la glande lacrymale et un capiton graisseux. Elle protège l'œil et oriente son axe. Sept os la composent : frontal, zygomatique, maxillaire, sphénoïde, palatin, ethmoïde, lacrymal.	Toit : fosse crânienne antérieure et sinus frontal. Plancher : sinus maxillaire (parcouru par le nerf infra-orbitaire). Paroi médiale : cellules ethmoïdales (lamina papyracea, très fine) et fosses nasales. Paroi latérale : fosse temporale et fosse crânienne moyenne. Le sommet porte le canal optique et la fissure orbitaire supérieure ; la fissure orbitaire inférieure communique avec les fosses ptérygo-palatine et infra-temporale.	Fracture du plancher par mécanisme de blow-out (choc direct sur le globe) : énophtalmie, diplopie par incarcération du muscle droit inférieur, hypoesthésie infra-orbitaire. Cellulite orbitaire par diffusion d'une ethmoïdite à travers la lamina papyracea (urgence, risque de cécité et de thrombophlébite du sinus caverneux). Exophtalmie (dysthyroïdie de Basedow, tumeur, fistule carotido-caverneuse).	https://fr.wikipedia.org/wiki/Orbite_(anatomie)	4
muscles_oculomoteurs	muscles_oculomoteurs.jpg	libre	Muscles de l'œil, vue latérale (Gray, 1918)	Muscles oculomoteurs (vue d'ensemble)	Musculi bulbi	Orbite et œil	Myologie	Six muscles striés mobilisant le globe : quatre droits (supérieur, inférieur, médial, latéral) nés de l'anneau tendineux commun, et deux obliques (supérieur, réfléchi sur la trochlée ; inférieur, né du plancher orbitaire). Le droit médial adduit, le droit latéral abduit. Les autres ont des actions combinées dépendant de la position du globe (le droit supérieur élève surtout en abduction, l'oblique supérieur abaisse surtout en adduction).	Innervation : nerf abducens (VI) pour le droit latéral, nerf trochléaire (IV) pour l'oblique supérieur, nerf oculomoteur (III) pour tous les autres (plus le releveur de la paupière et le sphincter pupillaire via le parasympathique). Les muscles forment un cône musculo-aponévrotique autour du nerf optique, cloisonnant l'orbite en espaces intra- et extra-conique.	Paralysie du III : ptosis, œil en abduction et abaissement (dévié en bas et en dehors), mydriase aréflexique si atteinte extrinsèque (anévrisme de l'artère communicante postérieure : urgence). Paralysie du IV : diplopie verticale majorée au regard en bas et en dedans, tête inclinée du côté sain. Paralysie du VI : œil en adduction, diplopie horizontale ; peu localisatrice (hypertension intracrânienne).	https://fr.wikipedia.org/wiki/Muscles_de_l%27%C5%93il	5
muscle_droit_lateral	muscle_droit_lateral.jpg	libre	Muscles de l'œil, vue supérieure (Gray, 1918)	Muscle droit latéral	Musculus rectus lateralis	Orbite et œil	Myologie	Muscle droit tendu de l'anneau tendineux commun (par deux chefs enjambant la fissure orbitaire supérieure) à la sclère, en dehors du globe, à environ 7 mm du limbe. Action unique et pure : abduction du globe (rotation de la pupille vers l'extérieur).	Innervé par le nerf abducens (VI), qui chemine longuement dans l'espace sous-arachnoïdien puis dans le sinus caverneux (au contact de la carotide interne) avant de gagner sa face médiale. Le nerf lacrymal, la veine ophtalmique supérieure et la glande lacrymale sont en rapport avec sa portion antérieure.	Le long trajet du VI le rend vulnérable : la paralysie du VI est la plus fréquente des paralysies oculomotrices, souvent non localisatrice (hypertension intracrânienne par étirement au bord du rocher, syndrome de Gradenigo dans les pétrosites). Chirurgie du strabisme : recul (affaiblissement) ou résection (renforcement) du droit latéral.	https://fr.wikipedia.org/wiki/Muscle_droit_latéral	4
muscle_oblique_superieur	muscle_oblique_superieur.jpg	libre	Muscles de l'œil, vue supérieure (Gray, 1918)	Muscle oblique supérieur	Musculus obliquus superior	Orbite et œil	Myologie	Muscle né près de l'anneau tendineux, dont le tendon se réfléchit sur la trochlée (poulie fibro-cartilagineuse de l'angle supéro-médial de l'orbite) avant de gagner le quadrant supéro-latéral de la sclère. Cette réflexion inverse son action : abaissement du globe (surtout en adduction), intorsion et abduction.	Innervé par le nerf trochléaire (IV), seul nerf crânien à émergence dorsale du tronc cérébral et le plus long : il fait le tour du mésencéphale, traverse le sinus caverneux et la fissure orbitaire supérieure hors de l'anneau de Zinn.	Paralysie du IV (traumatisme crânien fréquent, congénitale) : diplopie verticale et torsionnelle, maximale au regard en bas et en dedans (lecture, descente d'escalier), compensée par une inclinaison de la tête vers l'épaule opposée (manœuvre de Bielschowsky positive). Syndrome de Brown : trochlée bloquée, limitation de l'élévation en adduction.	https://fr.wikipedia.org/wiki/Muscle_oblique_supérieur	3
muscle_releveur_paupiere	muscle_releveur_paupiere.jpg	libre	Muscles de l'œil et de la paupière (Gray, 1918)	Muscle releveur de la paupière supérieure	Musculus levator palpebrae superioris	Orbite et œil	Myologie	Muscle né de la petite aile du sphénoïde au-dessus de l'anneau tendineux, se dirigeant en avant au-dessus du droit supérieur et se terminant par une aponévrose sur le tarse et la peau de la paupière supérieure. Il ouvre la fente palpébrale (élévation de la paupière). Un contingent de fibres lisses (muscle tarsal supérieur de Müller), sous contrôle sympathique, assure quelques millimètres d'ouverture supplémentaire.	Partie striée innervée par le nerf oculomoteur (III), partie lisse (Müller) par le sympathique cervical. En rapport étroit avec le droit supérieur (paralysie souvent conjointe) et la glande lacrymale que soulève son aponévrose.	Ptosis complet dans la paralysie du III ; ptosis partiel (1 à 2 mm) avec myosis et anhidrose dans le syndrome de Claude Bernard-Horner (atteinte sympathique). Ptosis fatigable de la myasthénie. Ptosis aponévrotique du sujet âgé (désinsertion). Chirurgie du ptosis : résection du releveur ou suspension au muscle frontal.	https://fr.wikipedia.org/wiki/Muscle_releveur_de_la_paupière_supérieure	3
anneau_tendineux_zinn	anneau_tendineux_zinn.jpg	libre	Sommet de l'orbite et anneau de Zinn (Gray, 1918)	Anneau tendineux commun (de Zinn)	Anulus tendineus communis	Orbite et œil	Myologie	Anneau fibreux au sommet de l'orbite, à cheval sur la partie médiale de la fissure orbitaire supérieure et sur le canal optique, servant d'origine commune aux quatre muscles droits. Il divise les éléments traversant le sommet de l'orbite en éléments intra-annulaires et extra-annulaires.	Passent DANS l'anneau : le nerf optique (II) et l'artère ophtalmique (par le canal optique), les nerfs oculomoteur (III, ses deux branches), nasociliaire (V1) et abducens (VI). Passent HORS de l'anneau (au-dessus) : les nerfs lacrymal et frontal (V1), le nerf trochléaire (IV) et la veine ophtalmique supérieure.	Repère clé pour comprendre les syndromes du sommet de l'orbite (atteinte du II en plus des III, IV, VI et V1 : baisse d'acuité visuelle associée à l'ophtalmoplégie) et du syndrome de la fissure orbitaire supérieure (III, IV, VI, V1 sans atteinte visuelle). Point d'injection de l'anesthésie rétrobulbaire (intra-conique).	https://fr.wikipedia.org/wiki/Anneau_tendineux_commun	3
globe_oculaire	globe_oculaire.jpg|globe_oculaire-3d.jpg	libre	Coupe horizontale du globe oculaire (Gray, 1918)	Globe oculaire	Bulbus oculi	Orbite et œil	Organe des sens	Organe de la vision, sphère d'environ 24 mm formée de trois tuniques : la tunique fibreuse externe (sclère opaque en arrière, cornée transparente en avant), la tunique vasculaire moyenne ou uvée (choroïde, corps ciliaire, iris), la tunique nerveuse interne (rétine). Son contenu comprend l'humeur aqueuse (chambres antérieure et postérieure), le cristallin et le corps vitré. Il forme un système optique focalisant l'image sur la rétine.	Occupe la moitié antérieure de l'orbite, entouré du capiton graisseux et de la capsule de Tenon (qui le sépare de la graisse et guide ses mouvements). Les muscles s'insèrent sur la sclère ; le nerf optique quitte le pôle postérieur un peu en dedans de l'axe.	L'humeur aqueuse, sécrétée par le corps ciliaire et résorbée par le trabéculum de l'angle irido-cornéen, règle la pression intraoculaire (glaucome si l'évacuation est gênée). Décollement de rétine, hémorragie du vitré, endophtalmie. Contusion et plaie du globe (protection par coque, jamais de pansement compressif sur un globe ouvert).	https://fr.wikipedia.org/wiki/%C5%92il_humain	4
cornee	cornee.jpg	libre	Coupe de la cornée (Gray, 1918)	Cornée	Cornea	Orbite et œil	Organe des sens	Segment antérieur transparent et bombé de la tunique fibreuse, principal dioptre de l'œil (environ 42 dioptries, les deux tiers de la puissance réfractive totale). Elle est avasculaire (sa transparence en dépend), nourrie par l'humeur aqueuse, le film lacrymal et les vaisseaux limbiques. Cinq couches : épithélium, membrane de Bowman, stroma, membrane de Descemet, endothélium (pompe qui maintient la déturgescence).	Se raccorde à la sclère au niveau du limbe, siège des cellules souches épithéliales et du trabéculum. Innervation sensitive très dense par le nerf nasociliaire (V1) via les nerfs ciliaires : cornée la plus sensible des tissus (réflexe cornéen).	Kératite (herpétique dendritique, amibienne du porteur de lentilles, d'exposition dans les paralysies faciales). Abcès de cornée. Kératocône (déformation conique). Greffe de cornée (kératoplastie) : premier tissu greffé, faible rejet car privilège immunitaire. Chirurgie réfractive (LASIK, PKR) sculptant le stroma.	https://fr.wikipedia.org/wiki/Cornée	3
cristallin	cristallin.svg	libre	Cristallin et corps ciliaire	Cristallin	Lens	Orbite et œil	Organe des sens	Lentille biconvexe transparente, avasculaire et sans nerf, suspendue en arrière de l'iris par les fibres zonulaires (de Zinn) au corps ciliaire. Sa puissance (environ 20 dioptries au repos) est modifiable : la contraction du muscle ciliaire relâche la zonule et bombe le cristallin (accommodation, vision de près), sous contrôle parasympathique du III.	Sépare le segment antérieur (humeur aqueuse) du segment postérieur (corps vitré) ; sa face antérieure limite en arrière la chambre postérieure. Sa croissance se fait par apposition de fibres tout au long de la vie (noyau central, cortex périphérique).	Cataracte : opacification liée à l'âge, au diabète, aux corticoïdes, aux traumatismes ou congénitale ; traitement par phako-émulsification et implant intraoculaire. Presbytie : perte progressive de l'accommodation par sclérose du cristallin (dès 40-45 ans). Luxation du cristallin (syndrome de Marfan, homocystinurie, traumatisme).	https://fr.wikipedia.org/wiki/Cristallin	3
retine	retine.jpg	libre	Coupe de la rétine (Gray, 1918)	Rétine	Retina	Orbite et œil	Organe des sens	Tunique nerveuse interne, expansion du système nerveux central. Sa partie optique contient les photorécepteurs (cônes de la vision diurne et colorée, concentrés dans la macula et sa fovéa ; bâtonnets de la vision périphérique et nocturne), les cellules bipolaires et les cellules ganglionnaires dont les axones forment le nerf optique. L'épithélium pigmentaire, en dehors, assure le recyclage des pigments et la nutrition.	Appliquée sur la choroïde (dont un décollement la sépare). La papille (disque optique), point de départ du nerf optique et d'entrée des vaisseaux, est dépourvue de photorécepteurs (tache aveugle). La macula, à 4 mm en dehors de la papille, assure la vision fine.	Décollement de rétine (myope, aphaque, traumatisme) : phosphènes, myodésopsies, puis amputation du champ visuel en rideau, urgence chirurgicale. Rétinopathie diabétique et hypertensive (fond d'œil systématique). Dégénérescence maculaire liée à l'âge (première cause de malvoyance après 50 ans). Occlusion de l'artère centrale de la rétine : cécité brutale indolore, urgence.	https://fr.wikipedia.org/wiki/Rétine	4
nerf_optique_ii	nerf_optique_ii.jpg	libre	Nerf optique et voies visuelles (Gray, 1918)	Nerf optique (II)	Nervus opticus	Orbite et œil	Système nerveux	Deuxième nerf crânien, en réalité un tractus du système nerveux central (entouré des trois méninges et de liquide cérébro-spinal, myélinisé par des oligodendrocytes). Il transporte l'information visuelle des cellules ganglionnaires de la rétine jusqu'au chiasma optique, où les fibres nasales croisent. Comprend quatre segments : intraoculaire, intra-orbitaire (sinueux, pour suivre les mouvements du globe), intra-canalaire, intracrânien.	Traverse l'anneau de Zinn et le canal optique avec l'artère ophtalmique. Au-dessus du chiasma passe l'hypothalamus, en dessous l'hypophyse et le sinus sphénoïdal, latéralement la carotide interne.	Névrite optique rétrobulbaire (sclérose en plaques : baisse d'acuité, douleur à la mobilisation, dyschromatopsie, le patient ne voit rien et le médecin non plus au fond d'œil). Neuropathie optique ischémique antérieure (dont la maladie de Horton : urgence, VS et corticoïdes). Œdème papillaire bilatéral de l'hypertension intracrânienne. Compression chiasmatique par un adénome hypophysaire : hémianopsie bitemporale.	https://fr.wikipedia.org/wiki/Nerf_optique	5
appareil_lacrymal	appareil_lacrymal.svg	libre	Appareil lacrymal	Appareil lacrymal	Apparatus lacrimalis	Orbite et œil	Organe des sens	Système de sécrétion et de drainage des larmes. La glande lacrymale, dans la fossette lacrymale du frontal (angle supéro-latéral de l'orbite), sécrète la phase aqueuse du film lacrymal, étalée par le clignement. Le drainage se fait des points lacrymaux (aux angles internes des paupières) vers les canalicules, le sac lacrymal (dans la gouttière lacrymale) puis le conduit lacrymo-nasal qui s'ouvre au méat nasal inférieur.	La glande lacrymale est innervée par le parasympathique du VII (nerf grand pétreux, relais dans le ganglion ptérygo-palatin, fibres empruntant le nerf zygomatique puis lacrymal V1). Le sac lacrymal est en avant du septum orbitaire (donc extra-orbitaire), en rapport avec le ligament palpébral médial et le muscle orbiculaire (partie lacrymale de Horner).	Imperforation du conduit lacrymo-nasal du nourrisson : larmoiement clair et conjonctivites à répétition, guérison spontanée le plus souvent, sinon sondage. Dacryocystite (infection du sac, tuméfaction douloureuse de l'angle interne). Syndrome sec (Gougerot-Sjögren). Dacryocystorhinostomie pour les sténoses.	https://fr.wikipedia.org/wiki/Appareil_lacrymal	3
paupieres	paupieres.jpg	libre	Coupe sagittale de la paupière (Gray, 1918)	Paupières et conjonctive	Palpebrae	Orbite et œil	Organe des sens	Replis mobiles protégeant le globe, étalant le film lacrymal et régulant la lumière. Chaque paupière comprend, d'avant en arrière : la peau (la plus fine du corps), le muscle orbiculaire, le septum orbitaire, le tarse (lame fibreuse rigide contenant les glandes de Meibomius, sébacées) et la conjonctive palpébrale, qui se réfléchit au niveau des culs-de-sac pour tapisser la sclère (conjonctive bulbaire).	Le bord libre porte les cils (glandes de Zeis et de Moll à leur racine). Le releveur et le muscle de Müller s'insèrent sur le tarse supérieur. L'angle médial contient la caroncule et le pli semi-lunaire (vestige de troisième paupière).	Orgelet (folliculite d'un cil, staphylocoque) et chalazion (granulome d'une glande de Meibomius obstruée). Ectropion et entropion du sujet âgé (larmoiement, kératite par les cils). Blépharite chronique. Carcinome basocellulaire palpébral (angle interne, chirurgie de Mohs). Conjonctivite (rouge, sécrétions, sans baisse de vision : à distinguer d'une kératite ou d'un glaucome aigu).	https://fr.wikipedia.org/wiki/Paupière	3
ganglion_ciliaire	ganglion_ciliaire.jpg	libre	Nerfs de l'orbite et ganglion ciliaire	Ganglion ciliaire	Ganglion ciliare	Orbite et œil	Système nerveux	Petit ganglion parasympathique situé dans la graisse orbitaire, en dehors du nerf optique, près du sommet de l'orbite. Il relaie les fibres parasympathiques (racine motrice issue du III, du noyau d'Edinger-Westphal) destinées au muscle sphincter de l'iris (myosis) et au muscle ciliaire (accommodation). Il est traversé sans relais par des fibres sensitives (racine sensitive, du nerf nasociliaire V1) et sympathiques (racine sympathique, du plexus carotidien, pour le dilatateur de l'iris).	Ses branches efférentes, les nerfs ciliaires courts (6 à 10), gagnent le globe autour du nerf optique et perforent la sclère.	Pupille tonique d'Adie : atteinte post-ganglionnaire (ganglion ciliaire ou nerfs ciliaires courts), mydriase unilatérale peu réactive à la lumière mais lente à la vision de près (dissociation), hypersensibilité de dénervation à la pilocarpine diluée. Bénin, souvent chez la femme jeune, parfois avec aréflexie ostéo-tendineuse (syndrome de Holmes-Adie).	https://fr.wikipedia.org/wiki/Ganglion_ciliaire	2
artere_ophtalmique	artere_ophtalmique.svg	libre	Artère ophtalmique et ses branches	Artère ophtalmique	Arteria ophthalmica	Orbite et œil	Système vasculaire	Première branche intracrânienne de l'artère carotide interne, née juste après sa sortie du sinus caverneux. Elle entre dans l'orbite par le canal optique (sous le nerf optique, dans l'anneau de Zinn), croise le nerf optique et se distribue à tout le contenu orbitaire. Sa branche essentielle est l'artère centrale de la rétine (terminale, sans suppléance) ; elle donne aussi les artères ciliaires, lacrymale, supra-orbitaire, ethmoïdales, palpébrales et se termine par les artères supra-trochléaire et dorsale du nez.	Ses branches ethmoïdales et dorsale du nez s'anastomosent avec le territoire de la carotide externe (artères faciale et maxillaire) : c'est une anastomose de suppléance majeure entre les deux systèmes carotidiens.	L'occlusion de l'artère centrale de la rétine (embolie, Horton, thrombose) donne une cécité monoculaire brutale et indolore : urgence. L'amaurose fugace (cécité transitoire en rideau) est un accident ischémique transitoire du territoire ophtalmique, signal d'alarme d'une sténose carotidienne. Le flux inversé dans l'artère supra-trochléaire au Doppler signe une sténose serrée de la carotide interne. Risque d'embolie rétinienne rétrograde lors des injections de comblement du visage.	https://fr.wikipedia.org/wiki/Artère_ophtalmique	3
oreille_externe	oreille_externe.jpg	libre	Oreille externe et méat acoustique externe	Oreille externe	Auris externa	Oreille	Organe des sens	Comprend le pavillon (auricule), lame de cartilage élastique recouverte de peau sauf au lobule, et le méat acoustique externe, conduit d'environ 25 mm en S allant de la conque au tympan. L'oreille externe capte les sons, les amplifie dans certaines fréquences (résonance de la conque et du conduit, gain autour de 2-4 kHz) et contribue à la localisation spatiale (surtout verticale).	Le tiers externe du méat est fibro-cartilagineux (pileux, glandes cérumineuses), les deux tiers internes osseux (creusés dans le temporal). En avant : articulation temporo-mandibulaire et glande parotide ; en arrière : cellules mastoïdiennes. Innervation sensitive : nerf auriculo-temporal (V3), nerf grand auriculaire (plexus cervical), rameau auriculaire du vague (zone de Ramsay Hunt) et VII.	Bouchon de cérumen. Otite externe (baignade, eczéma) : otalgie majorée à la traction du pavillon, à distinguer de l'otite moyenne. Othématome du sportif (à drainer, sinon oreille en chou-fleur). Le rameau auriculaire du X explique la toux réflexe et le malaise vagal lors du nettoyage du conduit, et les vésicules du conduit dans le zona du ganglion géniculé (syndrome de Ramsay Hunt).	https://fr.wikipedia.org/wiki/Oreille_externe	3
membrane_tympanique	membrane_tympanique.svg	libre	Membrane tympanique droite vue par le méat	Membrane tympanique (tympan)	Membrana tympanica	Oreille	Organe des sens	Membrane fibreuse translucide, ovalaire, séparant le méat acoustique externe de la caisse du tympan, orientée obliquement. Elle vibre sous l'onde sonore et transmet cette vibration au manche du marteau qui y est inclus. Sa grande surface par rapport à la fenêtre du vestibule contribue à l'adaptation d'impédance air-liquide (gain d'environ 20 fois).	Comprend la pars tensa (tendue, avec sa couche fibreuse et l'anneau fibro-cartilagineux) et la pars flaccida (partie supérieure, molle, sans couche fibreuse). Repères otoscopiques : manche du marteau, umbo (centre), triangle lumineux antéro-inférieur, courte apophyse du marteau et plis en haut.	Otoscopie : le tympan est le miroir de l'oreille moyenne. Épanchement rétro-tympanique (otite séro-muqueuse : tympan mat, ambré, immobile) ou pus bombant (otite moyenne aiguë). Perforation traumatique (gifle, coton-tige, blast) ou infectieuse. Poche de rétraction et cholestéatome (surtout de la pars flaccida). Paracentèse au quadrant antéro-inférieur.	https://fr.wikipedia.org/wiki/Tympan_(anatomie)	4
oreille_moyenne	oreille_moyenne.jpg	libre	Coupe de la caisse du tympan	Oreille moyenne (caisse du tympan)	Auris media	Oreille	Organe des sens	Cavité aérienne du rocher, entre le tympan et l'oreille interne, contenant la chaîne des trois osselets. Elle transmet et amplifie l'énergie mécanique du tympan à la fenêtre du vestibule (adaptation d'impédance). Elle communique en avant avec le rhinopharynx par la trompe auditive (aération, drainage) et en arrière avec les cellules mastoïdiennes par l'aditus ad antrum.	Six parois. Paroi latérale : tympan. Paroi médiale : promontoire (tour basal de la cochlée), fenêtres du vestibule (ovale) et de la cochlée (ronde), saillie du canal facial. Paroi supérieure (tegmen tympani) : fine, sépare du lobe temporal. Paroi inférieure : golfe de la jugulaire. Paroi antérieure : trompe auditive et canal carotidien. Paroi postérieure : aditus, éminence pyramidale (muscle stapédien).	Otite moyenne aiguë (enfant, pneumocoque et Haemophilus). Otite moyenne chronique : simple (perforation sèche), ostéitique, ou cholestéatomateuse (dangereuse : lyse osseuse, risque de labyrinthite, paralysie faciale, méningite, abcès cérébral). Mastoïdite (extériorisation rétro-auriculaire). Le canal facial déhiscent expose le VII lors de la chirurgie.	https://fr.wikipedia.org/wiki/Oreille_moyenne	4
osselets	osselets.jpg	libre	Marteau, enclume et étrier (Gray, 1918)	Osselets de l'ouïe	Ossicula auditus	Oreille	Organe des sens	Chaîne de trois petits os articulés transmettant les vibrations du tympan à l'oreille interne. Le marteau (malleus), inclus dans le tympan par son manche, s'articule avec l'enclume (incus) ; la longue branche de l'enclume s'articule avec l'étrier (stapes), dont la base (platine) ferme la fenêtre du vestibule. Le système fonctionne comme un levier réduisant l'amplitude et augmentant la force.	Suspendus par des ligaments dans l'espace supra-tympanique (attique) et la caisse. L'articulation incudo-stapédienne est le maillon le plus fragile de la vascularisation (nécrose de la longue apophyse de l'enclume).	Otospongiose : ankylose progressive de la platine de l'étrier dans la fenêtre du vestibule (surdité de transmission de l'adulte jeune, souvent familiale, aggravée par la grossesse), traitée par stapédotomie et pose d'un piston. Lyse ossiculaire des otites chroniques et cholestéatomes (rupture de chaîne). Reconstruction par ossiculoplastie (prothèses PORP, TORP).	https://fr.wikipedia.org/wiki/Osselet	3
muscles_oreille_moyenne	muscles_oreille_moyenne.jpg	libre	Muscles de l'oreille moyenne (Gray, 1918)	Muscles de l'oreille moyenne (tenseur du tympan et stapédien)	Mm. tensor tympani et stapedius	Oreille	Myologie	Deux muscles minuscules protégeant l'oreille interne des sons intenses (réflexe stapédien). Le tenseur du tympan, dans un demi-canal au-dessus de la trompe auditive, se termine sur le manche du marteau et met le tympan en tension ; innervé par le nerf mandibulaire (V3). Le stapédien, le plus petit muscle strié du corps, logé dans l'éminence pyramidale, tire sur le col de l'étrier et rigidifie la chaîne ; innervé par le nerf facial (VII).	Le tendon du stapédien émerge de l'éminence pyramidale de la paroi postérieure de la caisse. Le nerf du stapédien naît du VII dans son troisième segment (mastoïdien), avant la corde du tympan.	Le réflexe stapédien (contraction bilatérale à un son fort de plus de 70-90 dB au-dessus du seuil) est mesuré en impédancemétrie : son abolition oriente vers une atteinte de l'oreille moyenne, de la cochlée sévère, du VIII ou du VII (avant le départ du nerf du stapédien). Sa paralysie (VII) donne une hyperacousie douloureuse. Myoclonies du tenseur du tympan : acouphène clic rythmique.	https://fr.wikipedia.org/wiki/Muscle_de_l%27étrier	3
oreille_interne	oreille_interne.jpg	libre	Labyrinthe osseux droit	Oreille interne (labyrinthe)	Auris interna	Oreille	Organe des sens	Ensemble de cavités creusées dans la partie pétreuse du temporal, contenant les récepteurs de l'audition (cochlée) et de l'équilibration (vestibule, canaux semi-circulaires). Le labyrinthe osseux (rempli de périlymphe) contient le labyrinthe membraneux (rempli d'endolymphe, riche en potassium). Les cellules ciliées transforment les mouvements liquidiens en messages nerveux.	Communique avec la fosse crânienne postérieure par le méat acoustique interne (VII, VIII, artère labyrinthique) et par les aqueducs du vestibule (sac endolymphatique) et de la cochlée (vers l'espace sous-arachnoïdien). En dehors : oreille moyenne (fenêtres ovale et ronde).	Surdité de perception (endocochléaire ou rétrocochléaire) et vertiges. Labyrinthite (virale, bactérienne par extension d'une otite ou d'une méningite). Fistule périlymphatique (barotraumatisme, cholestéatome). Ototoxicité (aminosides, cisplatine, forte dose de diurétiques de l'anse). Cophose définitive après méningite (fenêtre d'implantation cochléaire avant ossification).	https://fr.wikipedia.org/wiki/Oreille_interne	4
cochlee	cochlee.jpg	libre	Coupe de la cochlée	Cochlée	Cochlea	Oreille	Organe des sens	Organe de l'audition, tube osseux enroulé en deux tours et demi autour d'un axe (modiolus). Chaque tour comprend trois rampes : rampe vestibulaire et rampe tympanique (périlymphe, communiquant à l'apex par l'hélicotréma), séparées par le canal cochléaire (endolymphe) contenant l'organe spiral (de Corti). Les cellules ciliées de l'organe de Corti, posées sur la membrane basilaire, transduisent la vibration. Le codage est tonotopique : aigus à la base, graves à l'apex.	Le tour basal fait saillie dans la caisse du tympan (promontoire). Le nerf cochléaire naît du ganglion spiral logé dans le modiolus et gagne le fond du méat acoustique interne.	Presbyacousie (perte des aigus liée à l'âge, atteinte des cellules ciliées basales). Traumatisme sonore. Surdité brusque (urgence, corticothérapie). Implant cochléaire : électrode insérée dans la rampe tympanique par la fenêtre de la cochlée, stimulant directement le nerf, dans les surdités profondes bilatérales. Les otoémissions acoustiques (cellules ciliées externes) sont utilisées pour le dépistage néonatal.	https://fr.wikipedia.org/wiki/Cochlée	4
vestibule_labyrinthe	vestibule_labyrinthe.jpg	libre	Labyrinthe osseux, vestibule et canaux (Gray, 1918)	Vestibule de l'oreille interne	Vestibulum	Oreille	Organe des sens	Cavité centrale du labyrinthe osseux, entre la caisse du tympan (en dehors, fenêtres ovale et ronde) et le méat acoustique interne (en dedans). Il contient deux organes otolithiques du labyrinthe membraneux : l'utricule et le saccule. Leurs macules, chargées de cristaux de carbonate de calcium (otoconies), détectent les accélérations linéaires et la gravité (position de la tête).	Communique en avant avec la cochlée, en arrière avec les canaux semi-circulaires, en dedans avec la fosse crânienne postérieure par l'aqueduc du vestibule (canal endolymphatique et sac endolymphatique).	Le vertige positionnel paroxystique bénin (VPPB), cause la plus fréquente de vertige, résulte de la migration d'otoconies détachées de la macule utriculaire dans un canal semi-circulaire (surtout postérieur) : vertige rotatoire bref déclenché par les changements de position, diagnostiqué par la manœuvre de Dix-Hallpike, traité par manœuvres libératoires (Epley). Dilatation du sac endolymphatique dans la maladie de Menière.	https://fr.wikipedia.org/wiki/Vestibule_(oreille_interne)	3
canaux_semi_circulaires	canaux_semi_circulaires.jpg	libre	Canaux semi-circulaires du labyrinthe (Gray, 1918)	Canaux semi-circulaires	Canales semicirculares	Oreille	Organe des sens	Trois canaux osseux en demi-anneau (antérieur ou supérieur, postérieur, latéral) disposés dans les trois plans de l'espace, à peu près perpendiculaires entre eux. Chaque canal membraneux se dilate à une extrémité (ampoule) qui contient une crête ampullaire coiffée d'une cupule. Le déplacement de l'endolymphe lors des accélérations angulaires (rotations de la tête) défléchit la cupule et stimule les cellules ciliées : détection des rotations.	Les canaux latéraux des deux oreilles sont dans le même plan (incliné de 30 degrés) et fonctionnent en paire ago-antagoniste ; le canal antérieur d'un côté est coplanaire au canal postérieur de l'autre. Le canal latéral fait saillie dans l'aditus ad antrum (repère chirurgical).	Base du réflexe vestibulo-oculaire, exploré par le head impulse test, le nystagmus et les épreuves caloriques (le canal latéral répond à l'irrigation de l'oreille : chaud = nystagmus vers le côté irrigué, froid = à l'opposé, moyen COWS). Déhiscence du canal semi-circulaire supérieur (syndrome de Minor : vertige et oscillopsie aux sons forts et à la pression, autophonie).	https://fr.wikipedia.org/wiki/Canal_semi-circulaire	3
nerf_vestibulo_cochleaire	nerf_vestibulo_cochleaire.jpg	libre	Nerf vestibulocochléaire dans le méat acoustique interne (Gray, 1918)	Nerf vestibulocochléaire (VIII)	Nervus vestibulocochlearis	Oreille	Système nerveux	Huitième nerf crânien, purement sensoriel, formé de deux contingents : le nerf cochléaire (audition, corps cellulaires dans le ganglion spiral) et le nerf vestibulaire (équilibration, corps cellulaires dans le ganglion vestibulaire de Scarpa). Il gagne le fond du méat acoustique interne, traverse l'angle ponto-cérébelleux et se termine dans les noyaux cochléaires et vestibulaires du tronc cérébral.	Dans le méat acoustique interne, il accompagne le nerf facial (VII) et l'artère labyrinthique. Le fond du méat est cloisonné : le VII et le nerf cochléaire en avant, les nerfs vestibulaires en arrière. Dans l'angle ponto-cérébelleux, rapport avec le VII, le V (au-dessus) et les IX-X-XI (au-dessous), le flocculus et l'artère cérébelleuse antéro-inférieure (AICA).	Schwannome vestibulaire (neurinome de l'acoustique) : tumeur bénigne du nerf vestibulaire dans le méat ou l'angle, révélée par une surdité de perception unilatérale progressive avec acouphène et troubles de l'équilibre ; IRM avec gadolinium. Bilatéral dans la neurofibromatose de type 2. La surdité brusque impose d'éliminer un schwannome.	https://fr.wikipedia.org/wiki/Nerf_vestibulocochléaire	4
nerf_facial_intrapetreux	nerf_facial_intrapetreux.svg	libre	Trajet intra-pétreux du nerf facial	Nerf facial (VII) — trajet intra-pétreux	Nervus facialis (canalis)	Oreille	Système nerveux	Après l'angle ponto-cérébelleux et le méat acoustique interne, le nerf facial parcourt le canal facial (de Fallope) dans le rocher en trois segments : labyrinthique (le plus court et le plus étroit), tympanique (au-dessus de la fenêtre du vestibule, souvent déhiscent), et mastoïdien (vertical). Au genou externe se trouve le ganglion géniculé (fibres sensitives et gustatives). Il donne dans le rocher le nerf grand pétreux (sécrétion lacrymale et nasale), le nerf du muscle stapédien et la corde du tympan (goût des deux tiers antérieurs de la langue, salivation submandibulaire et sublinguale).	La corde du tympan traverse la caisse du tympan entre le manche du marteau et la longue branche de l'enclume avant de rejoindre le nerf lingual. Le canal facial est un repère et un danger de la chirurgie otologique (paroi médiale et postérieure de la caisse).	La topographie des symptômes localise la lésion : atteinte au-dessus du ganglion géniculé (larmoiement diminué, hyperacousie, agueusie) ; entre géniculé et nerf du stapédien (hyperacousie, agueusie) ; entre stapédien et corde du tympan (agueusie seule) ; sous la corde du tympan (paralysie motrice pure). Paralysie de Bell (segment labyrinthique, œdème). Fracture du rocher, cholestéatome, zona du ganglion géniculé (Ramsay Hunt), schwannome du VII.	https://fr.wikipedia.org/wiki/Nerf_facial	4
dure_mere_cranienne	dure_mere_cranienne.svg	libre	Dure-mère et sinus veineux, vue supérieure (Gray, 1918)	Dure-mère crânienne	Dura mater cranialis	Cavité crânienne	Méninges	Membrane fibreuse épaisse, la plus externe des méninges, formée de deux feuillets accolés : un feuillet périosté (adhérant à la face endocrânienne des os, jouant le rôle de périoste interne) et un feuillet méningé. Elle protège l'encéphale, forme des cloisons rigides qui le compartimentent (faux du cerveau, tente du cervelet, faux du cervelet, diaphragme sellaire) et contient, entre ses deux feuillets, les sinus veineux duraux.	Peu adhérente à la voûte (espace extra-dural virtuel, décollable par un hématome), fortement adhérente à la base du crâne et aux sutures. Elle se prolonge dans les foramens en engainant les nerfs crâniens et se continue par la dure-mère spinale au niveau du foramen magnum. Innervation sensitive par le nerf trijumeau (V) et les premiers nerfs cervicaux.	Hématome extra-dural (artère méningée moyenne, entre os et dure-mère : lentille biconvexe au scanner, intervalle libre, urgence chirurgicale). Hématome sous-dural (veines pont, entre dure-mère et arachnoïde : croissant, sujet âgé ou alcoolique, souvent chronique). Brèche dure-mérienne (fuite de LCS, céphalée posturale, risque de méningite). L'innervation trigéminale explique la céphalée des méningites et de l'hypotension du LCS.	https://fr.wikipedia.org/wiki/Dure-mère	4
faux_du_cerveau	faux_du_cerveau.svg	libre	Faux du cerveau et tente du cervelet (Gray, 1918)	Faux du cerveau	Falx cerebri	Cavité crânienne	Méninges	Cloison dure-mérienne sagittale médiane, en forme de faucille, s'enfonçant dans la fissure longitudinale entre les deux hémisphères cérébraux. Elle limite les déplacements latéraux du cerveau. Son bord supérieur, convexe, s'attache à la voûte de la crête du frontal à la protubérance occipitale interne ; son bord inférieur, concave et libre, surplombe le corps calleux.	Contient dans son bord supérieur le sinus sagittal supérieur, dans son bord inférieur le sinus sagittal inférieur, et à sa jonction avec la tente du cervelet le sinus droit. En avant, elle s'insère sur la crista galli de l'ethmoïde.	L'engagement sous-falcoriel (cingulaire) fait glisser le gyrus cingulaire sous le bord libre de la faux lors d'un processus expansif hémisphérique : compression de l'artère cérébrale antérieure. Méningiome de la faux (souvent para-sagittal, envahissant le sinus sagittal supérieur : difficulté d'exérèse).	https://fr.wikipedia.org/wiki/Faux_du_cerveau	3
tente_du_cervelet	tente_du_cervelet.svg	libre	Tente du cervelet, vue supérieure (Gray, 1918)	Tente du cervelet	Tentorium cerebelli	Cavité crânienne	Méninges	Cloison dure-mérienne horizontale tendue entre les lobes occipitaux (au-dessus) et le cervelet (au-dessous), séparant l'étage sus-tentoriel de l'étage sous-tentoriel (fosse crânienne postérieure). Son bord périphérique s'attache aux processus clinoïdes, au bord supérieur du rocher et à l'os occipital ; son bord libre, antéro-médial, délimite l'incisure de la tente (foramen ovale de Pacchioni) que traverse le tronc cérébral.	Contient à sa périphérie les sinus transverse (attache occipitale), pétreux supérieur (attache au rocher) et droit (jonction avec la faux). Le nerf trochléaire (IV) et le nerf oculomoteur (III) cheminent près de son bord libre.	L'engagement temporal (uncal) fait passer l'uncus du lobe temporal dans l'incisure de la tente : compression du III (mydriase homolatérale), du mésencéphale (troubles de vigilance) et du pédoncule cérébral controlatéral contre le bord libre (hémiplégie du même côté que la mydriase, signe de Kernohan trompeur). Engagement central diencéphalique. Repère de la classification des méningiomes de la tente.	https://fr.wikipedia.org/wiki/Tente_du_cervelet	4
arachnoide	arachnoide.jpg	libre	Méninges : coupe montrant les trois feuillets	Arachnoïde	Arachnoidea mater	Cavité crânienne	Méninges	Feuillet méningé intermédiaire, avasculaire, appliqué contre la face profonde de la dure-mère. De sa face profonde partent des travées (trabécules arachnoïdiennes) qui la relient à la pie-mère en délimitant l'espace sous-arachnoïdien, où circule le liquide cérébro-spinal. Elle forme les granulations arachnoïdiennes qui résorbent le LCS dans les sinus veineux.	Séparée de la dure-mère par un espace sous-dural virtuel (siège des hématomes sous-duraux), et de la pie-mère par l'espace sous-arachnoïdien élargi par endroits en citernes (grande citerne, citernes de la base, citerne ambiante). Elle enjambe les sillons sans y descendre (à la différence de la pie-mère).	Kyste arachnoïdien (dédoublement congénital, souvent de la fosse temporale ou de la fosse postérieure, le plus souvent asymptomatique). L'hémorragie méningée (rupture d'anevrisme) inonde l'espace sous-arachnoïdien : céphalée en coup de tonnerre, raideur de nuque, scanner puis ponction lombaire. Carcinomatose et méningite se développent dans cet espace.	https://fr.wikipedia.org/wiki/Arachno%C3%AFde	3
pie_mere	pie_mere.svg	libre	Méninges et espace sous-arachnoïdien (Gray, 1918)	Pie-mère	Pia mater	Cavité crânienne	Méninges	Feuillet méningé le plus interne, fin et très vascularisé, intimement appliqué sur la surface de l'encéphale et de la moelle dont elle épouse tous les reliefs et sillons. Elle engaine les vaisseaux qui pénètrent le névraxe (espaces péri-vasculaires de Virchow-Robin) et participe à la formation des plexus choroïdes et de la barrière entre LCS et tissu nerveux.	Séparée de l'arachnoïde par l'espace sous-arachnoïdien qu'elle limite en profondeur. Elle forme le long de la moelle les ligaments dentelés (fixation latérale) et se prolonge au-delà du cône médullaire par le filum terminale.	Les espaces de Virchow-Robin dilatés sont un aspect fréquent et banal en IRM. La pie-mère est franchie par les métastases et les infections qui gagnent le parenchyme. Elle participe au plan de clivage des méningiomes (extra-axiaux) par rapport aux tumeurs intra-parenchymateuses.	https://fr.wikipedia.org/wiki/Pie-mère	2
sinus_sagittal_superieur	sinus_sagittal_superieur.svg	libre	Sinus de la dure-mère, vue latérale (Gray, 1918)	Sinus sagittal supérieur	Sinus sagittalis superior	Cavité crânienne	Système vasculaire	Sinus veineux dural impair et médian, logé dans le bord supérieur de la faux du cerveau, du foramen cæcum à la protubérance occipitale interne où il rejoint le confluent des sinus (pressoir d'Hérophile). Il draine le sang veineux de la face supéro-latérale des hémisphères (veines cérébrales superficielles) et reçoit surtout le LCS via les granulations arachnoïdiennes qui font saillie dans ses lacunes latérales.	Se projette sur la suture sagittale. Reçoit des veines émissaires traversant la voûte (voie de propagation des infections du scalp vers le sinus). Le confluent des sinus se draine surtout à droite (sinus transverse droit souvent dominant).	Thrombose du sinus sagittal supérieur (post-partum, thrombophilie, déshydratation, contraception, méningite) : céphalée, crises, déficits à bascule, hypertension intracrânienne ; diagnostic par angio-IRM veineuse, traitement par anticoagulation même en cas de transformation hémorragique. Plaie du sinus lors d'un abord para-sagittal : hémorragie et risque d'embolie gazeuse.	https://fr.wikipedia.org/wiki/Sinus_sagittal_supérieur	4
sinus_lateraux_duraux	sinus_lateraux_duraux.svg	libre	Sinus de la dure-mère, base du crâne (Gray, 1918)	Sinus droit, transverse et sigmoïde	Sinus rectus, transversus, sigmoideus	Cavité crânienne	Système vasculaire	Voie de drainage veineux profond et postérieur de l'encéphale vers la veine jugulaire interne. Le sinus droit, dans la jonction faux-tente, reçoit le sinus sagittal inférieur et la grande veine cérébrale (de Galien, drainage profond) et gagne le confluent des sinus. De là partent les deux sinus transverses (dans l'attache occipitale de la tente), qui deviennent sinus sigmoïdes (en S, sur la face endocrânienne de la mastoïde) puis se jettent dans le golfe de la jugulaire au foramen jugulaire.	Le sinus sigmoïde est en rapport direct avec l'antre mastoïdien et les cellules mastoïdiennes (paroi osseuse mince). Le sinus transverse répond à l'astérion (repère cutané de son bord).	Thrombophlébite du sinus latéral (sigmoïde) compliquant une otite ou une mastoïdite : fièvre oscillante, douleur mastoïdienne, signe de Griesinger (œdème rétro-mastoïdien par thrombose d'une veine émissaire). Repère de l'astérion pour la craniotomie de la fosse postérieure (éviter le sinus). Sténose des sinus transverses dans l'hypertension intracrânienne idiopathique.	https://fr.wikipedia.org/wiki/Sinus_veineux_dural	3
sinus_caverneux	sinus_caverneux.jpg	libre	Coupe frontale du sinus caverneux	Sinus caverneux	Sinus cavernosus	Cavité crânienne	Système vasculaire	Sinus veineux dural pair, de part et d'autre du corps du sphénoïde et de la selle turcique. Il draine la veine ophtalmique supérieure, la veine cérébrale moyenne superficielle et le sinus sphéno-pariétal, et se vide vers les sinus pétreux supérieur (vers le sinus sigmoïde) et inférieur (vers la jugulaire) et vers le plexus ptérygoïdien. Les deux sinus communiquent par les sinus intercaverneux (sinus coronaire).	Traversé en plein par l'artère carotide interne (segment caverneux) et le nerf abducens (VI). Dans sa paroi latérale cheminent, de haut en bas : le nerf oculomoteur (III), le nerf trochléaire (IV), le nerf ophtalmique (V1) et le nerf maxillaire (V2). En dedans : l'hypophyse et le sinus sphénoïdal.	Thrombophlébite du sinus caverneux (furoncle de la face, sinusite, cellulite orbitaire, via les veines faciales sans valves : le danger du triangle de la face) : fièvre, exophtalmie, chémosis, ophtalmoplégie douloureuse, souvent bilatérale, urgence vitale. Fistule carotido-caverneuse (traumatique) : exophtalmie pulsatile, souffle, ophtalmoplégie. Syndrome du sinus caverneux (III, IV, V1, V2, VI, Horner) par méningiome, adénome invasif, anévrisme.	https://fr.wikipedia.org/wiki/Sinus_caverneux	5
circulation_lcs	circulation_lcs.jpg	libre	Circulation du liquide cérébro-spinal	Liquide cérébro-spinal et sa circulation	Liquor cerebrospinalis	Cavité crânienne	Méninges	Liquide clair (environ 150 mL, renouvelé 3 à 4 fois par jour) sécrété à 70 pour cent par les plexus choroïdes des ventricules latéraux, du troisième et du quatrième ventricules. Il circule des ventricules latéraux vers le troisième ventricule (foramens interventriculaires de Monro), puis le quatrième (aqueduc du mésencéphale de Sylvius), gagne l'espace sous-arachnoïdien par les foramens de Luschka et de Magendie, et est résorbé par les granulations arachnoïdiennes vers les sinus veineux. Il soutient et protège l'encéphale (flottaison), amortit les chocs et assure une homéostasie chimique.	Le passage étroit de l'aqueduc du mésencéphale et des foramens du quatrième ventricule sont des points de blocage. La grande citerne (cérébello-médullaire) et la citerne lombaire (cul-de-sac dural sous L2) sont les sites de ponction.	Hydrocéphalie obstructive (sténose de l'aqueduc, tumeur de la fosse postérieure : dilatation en amont, hypertension intracrânienne) ou communicante (défaut de résorption après hémorragie méningée ou méningite). Hydrocéphalie à pression normale du sujet âgé (triade de Hakim : troubles de la marche, cognitifs, urinaires). Ponction lombaire : analyse (méningite, hémorragie, sclérose en plaques) et mesure de pression.	https://fr.wikipedia.org/wiki/Liquide_cérébro-spinal	4
granulations_arachnoidiennes	granulations_arachnoidiennes.svg	libre	Granulations arachnoïdiennes dans le sinus sagittal supérieur	Granulations arachnoïdiennes (de Pacchioni)	Granulationes arachnoideae	Cavité crânienne	Méninges	Villosités de l'arachnoïde qui font saillie à travers la paroi de la dure-mère dans la lumière des sinus veineux (surtout le sinus sagittal supérieur et ses lacunes latérales). Elles fonctionnent comme des valves unidirectionnelles laissant passer le liquide cérébro-spinal (et de fines particules) vers le sang veineux quand la pression du LCS dépasse la pression veineuse : c'est la voie principale de résorption du LCS.	Deviennent plus nombreuses et volumineuses avec l'âge, creusant des dépressions dans la table interne de la voûte (fovéoles granulaires) visibles sur les radiographies et les scanners.	Leur défaut de fonctionnement (après hémorragie méningée, méningite, thrombose veineuse) cause une hydrocéphalie communicante. De grosses granulations peuvent être prises pour une lésion (thrombose du sinus, métastase) en imagerie : aspect typique en défect de remplissage à contours nets, contenu identique au LCS.	https://fr.wikipedia.org/wiki/Granulation_arachno%C3%AFdienne	2
nc_vue_ensemble	nc_vue_ensemble.svg	libre	Émergence des nerfs crâniens à la base de l'encéphale	Nerfs crâniens (vue d'ensemble)	Nervi craniales	Cavité crânienne	Système nerveux	Douze paires de nerfs naissant de l'encéphale (I et II du télencéphale et du diencéphale, III-XII du tronc cérébral). Trois sont purement sensoriels (I olfaction, II vision, VIII audition et équilibration), cinq purement moteurs (III, IV, VI oculomotricité ; XI muscles du cou ; XII langue), quatre mixtes (V sensibilité de la face et mastication ; VII mimique, goût, larmes, salive ; IX et X sensibilité et motricité pharyngo-laryngée, viscéromotricité parasympathique).	Ils quittent le crâne par des orifices précis : lame criblée (I), canal optique (II), fissure orbitaire supérieure (III, IV, V1, VI), foramen rond (V2), foramen ovale (V3), méat acoustique interne (VII, VIII), foramen jugulaire (IX, X, XI), canal de l'hypoglosse (XII). Quatre portent des fibres parasympathiques (III, VII, IX, X) relayées dans quatre ganglions de la tête (ciliaire, ptérygo-palatin, submandibulaire, otique).	"L'examen systématique des 12 paires est la base de l'examen neurologique. Les atteintes multiples et groupées orientent vers un site : angle ponto-cérébelleux (V, VII, VIII), foramen jugulaire (IX, X, XI : syndrome de Vernet), sinus caverneux ou fissure orbitaire (III, IV, V1, VI). Moyen mnémotechnique des modalités : ""Some Say Marry Money But My Brother Says Big Brains Matter More""."	https://fr.wikipedia.org/wiki/Nerf_crânien	5
nerf_olfactif_i	nerf_olfactif_i.svg	libre	Nerf olfactif et bulbe olfactif	Nerf olfactif (I)	Nervus olfactorius	Cavité crânienne	Système nerveux	Premier nerf crânien, purement sensoriel (odorat). Il n'est pas un nerf unique mais une vingtaine de filets (fila olfactoria), axones des neurones bipolaires de la muqueuse olfactive du toit des fosses nasales. Ces filets traversent la lame criblée de l'ethmoïde et se terminent dans le bulbe olfactif, d'où part le tractus olfactif vers le cortex (aire piriforme, amygdale) sans relais thalamique.	Le bulbe et le tractus olfactifs reposent dans le sillon olfactif de la face orbitaire du lobe frontal, au-dessus de la lame criblée. Le nerf terminal (paire crânienne 0) et le nerf voméro-nasal les accompagnent.	Anosmie post-traumatique par cisaillement des filets à la lame criblée lors d'un traumatisme crânien (souvent définitive). Anosmie des rhinites et polyposes (obstructive, réversible). Anosmie révélatrice d'une maladie de Parkinson ou d'Alzheimer débutante, ou d'un méningiome du sillon olfactif (syndrome de Foster Kennedy : anosmie, atrophie optique homolatérale, œdème papillaire controlatéral). Anosmie et agueusie des infections virales (dont la COVID-19).	https://fr.wikipedia.org/wiki/Nerf_olfactif	3
nerf_oculomoteur_iii	nerf_oculomoteur_iii.jpg	libre	Nerf oculomoteur et muscles de l'orbite (Gray, 1918)	Nerf oculomoteur (III)	Nervus oculomotorius	Cavité crânienne	Système nerveux	Troisième nerf crânien, essentiellement moteur. Il innerve quatre des six muscles oculomoteurs (droits supérieur, inférieur et médial, oblique inférieur) et le muscle releveur de la paupière supérieure. Il porte aussi le contingent parasympathique (noyau d'Edinger-Westphal) qui, relayé dans le ganglion ciliaire, commande le sphincter de la pupille (myosis) et le muscle ciliaire (accommodation).	Émerge de la face antérieure du mésencéphale dans la fosse interpédonculaire, passe entre les artères cérébrale postérieure et cérébelleuse supérieure, longe l'artère communicante postérieure, traverse la paroi latérale du sinus caverneux puis la fissure orbitaire supérieure et l'anneau de Zinn, où il se divise en branches supérieure et inférieure.	"Paralysie complète : ptosis, œil dévié en bas et en dehors, mydriase aréflexique. La règle du ""la pupille compte"" : une atteinte compressive (anévrisme de l'artère communicante postérieure, engagement temporal) touche les fibres parasympathiques périphériques et donne une mydriase (urgence) ; une atteinte ischémique (diabète, HTA) épargne souvent la pupille. Ophtalmoplégie internucléaire à distinguer (lésion du faisceau longitudinal médial)."	https://fr.wikipedia.org/wiki/Nerf_oculomoteur	4
nerf_trochleaire_iv	nerf_trochleaire_iv.jpg	libre	Nerf trochléaire, trajet péri-mésencéphalique (Gray, 1918)	Nerf trochléaire (IV)	Nervus trochlearis	Cavité crânienne	Système nerveux	Quatrième nerf crânien, purement moteur, le plus grêle et le plus long. Il innerve un seul muscle, l'oblique supérieur, qui abaisse le globe en adduction et l'intorse. Particularités : c'est le seul nerf crânien à émerger de la face DORSALE du tronc cérébral, et ses fibres décussent avant d'émerger (il innerve donc l'oblique supérieur controlatéral à son noyau).	Émerge sous les colliculus inférieurs, contourne le mésencéphale près du bord libre de la tente du cervelet, traverse la paroi latérale du sinus caverneux (sous le III) puis la fissure orbitaire supérieure, hors de l'anneau de Zinn.	Cause la plus fréquente de diplopie verticale. Sa longueur et son émergence dorsale l'exposent aux traumatismes crâniens (souvent bilatéral). Diplopie majorée au regard en bas et en dedans (gêne à la lecture et à la descente d'escalier), torsion, compensée par une inclinaison de la tête vers l'épaule opposée. Test de Parks-Bielschowsky pour l'affirmer.	https://fr.wikipedia.org/wiki/Nerf_trochléaire	3
nerf_trijumeau_v	nerf_trijumeau_v.jpg	libre	Nerf trijumeau et ganglion trigéminal (Gray, 1918)	Nerf trijumeau (V)	Nervus trigeminus	Cavité crânienne	Système nerveux	Cinquième nerf crânien, le plus volumineux, mixte. Sa racine sensitive assure la sensibilité de toute la face, du cuir chevelu antérieur, des dents, des muqueuses buccale, nasale et sinusienne, de la cornée et des deux tiers antérieurs de la langue (sensibilité générale). Sa racine motrice, satellite du V3, innerve les muscles masticateurs (masséter, temporal, ptérygoïdiens), le mylo-hyoïdien, le ventre antérieur du digastrique, le tenseur du voile et le tenseur du tympan.	Émerge de la face latérale du pont, gagne le cavum trigéminal (de Meckel) sur la face antéro-supérieure du rocher où siège le ganglion trigéminal (de Gasser), puis se divise en trois branches : ophtalmique (V1, fissure orbitaire supérieure), maxillaire (V2, foramen rond), mandibulaire (V3, foramen ovale).	"Névralgie du trijumeau (essentielle : conflit vasculo-nerveux à l'émergence pontique, souvent l'artère cérébelleuse supérieure ; décharges fulgurantes dans un territoire, zone gâchette, traitement par carbamazépine puis décompression micro-vasculaire ou thermocoagulation du ganglion). Le réflexe cornéen (afférence V1) teste le V et le VII (efférence). Anesthésie faciale, hypoesthésie du menton (""numb chin syndrome"" : métastase mandibulaire)."	https://fr.wikipedia.org/wiki/Nerf_trijumeau	5
nerf_ophtalmique_v1	nerf_ophtalmique_v1.jpg	libre	Nerf ophtalmique et ses branches (Gray, 1918)	Nerf ophtalmique (V1)	Nervus ophthalmicus	Cavité crânienne	Système nerveux	Première branche du trijumeau, purement sensitive. Elle innerve la peau du front, de la paupière supérieure et du dos du nez, la cornée et la conjonctive, la muqueuse de la partie antéro-supérieure des fosses nasales et des sinus frontal et ethmoïdal. Elle se divise avant la fissure orbitaire supérieure en trois branches : nerf lacrymal, nerf frontal (le plus volumineux, donnant les nerfs supra-orbitaire et supra-trochléaire) et nerf nasociliaire.	Chemine dans la paroi latérale du sinus caverneux, sous le IV. Le nerf nasociliaire entre dans l'anneau de Zinn, donne les nerfs ciliaires longs (sensibilité de la cornée), la racine sensitive du ganglion ciliaire et le nerf ethmoïdal antérieur (qui gagne le nez et se termine par le rameau nasal externe).	Zona ophtalmique (réactivation du VZV dans le ganglion trigéminal, territoire V1) : éruption vésiculeuse hémifaciale respectant la ligne médiane, kératite si atteinte du nasociliaire (signe de Hutchinson : vésicule sur l'aile du nez). Réflexe cornéen (branche nasociliaire). Névralgie sus-orbitaire.	https://fr.wikipedia.org/wiki/Nerf_ophtalmique	3
nerf_maxillaire_v2	nerf_maxillaire_v2.jpg	libre	Nerf maxillaire et ganglion ptérygo-palatin (Gray, 1918)	Nerf maxillaire (V2)	Nervus maxillaris	Cavité crânienne	Système nerveux	Deuxième branche du trijumeau, purement sensitive. Elle innerve la peau de la joue, de la paupière inférieure, de l'aile du nez et de la lèvre supérieure, la muqueuse de la partie moyenne des fosses nasales et du sinus maxillaire, le voile du palais, le nasopharynx, les dents et la gencive de l'arcade supérieure.	Quitte le crâne par le foramen rond, traverse la fosse ptérygo-palatine où il donne le nerf zygomatique et des rameaux au ganglion ptérygo-palatin (qui redistribue ses fibres sensitives au palais et au nez et lui adjoint des fibres parasympathiques du VII). Il devient nerf infra-orbitaire dans le plancher de l'orbite, parcourt le canal infra-orbitaire et émerge à la face par le foramen infra-orbitaire.	Névralgie du V2. Hypoesthésie de la joue et de l'aile du nez dans les fractures du plancher de l'orbite et du malaire (atteinte du nerf infra-orbitaire), et dans le cancer du sinus maxillaire. Bloc du nerf maxillaire par voie sous-zygomatique (chirurgie du massif facial). Diffusion péri-neurale des carcinomes cutanés le long du V2.	https://fr.wikipedia.org/wiki/Nerf_maxillaire	3
nerf_mandibulaire_v3	nerf_mandibulaire_v3.jpg	libre	Nerf mandibulaire et ses branches (Gray, 1918)	Nerf mandibulaire (V3)	Nervus mandibularis	Cavité crânienne	Système nerveux	Troisième branche du trijumeau, seule branche MIXTE (elle reçoit la racine motrice du V). Sa composante sensitive innerve la peau de la région temporale, de la joue basse, du menton et de la lèvre inférieure, la muqueuse de la joue, le plancher buccal et les deux tiers antérieurs de la langue (nerf lingual), les dents et la gencive de l'arcade inférieure (nerf alvéolaire inférieur). Sa composante motrice innerve les quatre muscles masticateurs, le mylo-hyoïdien, le ventre antérieur du digastrique, le tenseur du voile et le tenseur du tympan.	Quitte le crâne par le foramen ovale et se divise dans la fosse infra-temporale en un tronc antérieur (surtout moteur, plus le nerf buccal sensitif) et un tronc postérieur (surtout sensitif : nerfs auriculo-temporal, lingual, alvéolaire inférieur). Le ganglion otique est appliqué sur sa face médiale, sous le foramen ovale.	"Anesthésie tronculaire du nerf alvéolaire inférieur (""bloc mandibulaire"", épine de Spix) : base de la chirurgie dentaire de l'arcade inférieure. Hypoesthésie du menton après avulsion de dent de sagesse ou fracture de l'angle mandibulaire. Névralgie du V3, otalgie réflexe (auriculo-temporal). Syndrome de Frey après parotidectomie (repousse aberrante de fibres parasympathiques sur les glandes sudoripares via l'auriculo-temporal)."	https://fr.wikipedia.org/wiki/Nerf_mandibulaire	4
nerf_abducens_vi	nerf_abducens_vi.svg	libre	Nerf abducens, trajet intracrânien	Nerf abducens (VI)	Nervus abducens	Cavité crânienne	Système nerveux	Sixième nerf crânien, purement moteur : il innerve un seul muscle, le droit latéral, qui abduit le globe. Une atteinte donne donc un strabisme convergent (œil en adduction) et une diplopie horizontale maximale au regard vers le côté atteint.	Émerge du sillon bulbo-pontique, remonte le long du clivus, se coude sur le bord supérieur du rocher (où il est retenu par le ligament pétro-sphénoïdal de Gruber, dans le canal de Dorello), puis traverse le sinus caverneux au contact direct de l'artère carotide interne (seul nerf intra-caverneux, les autres étant dans la paroi), et gagne l'orbite par la fissure orbitaire supérieure dans l'anneau de Zinn.	Paralysie du VI = la plus fréquente des paralysies oculomotrices, mais peu localisatrice : l'hypertension intracrânienne l'étire au bord du rocher (fausse valeur localisatrice). Syndrome de Gradenigo (apex du rocher : VI + douleur V1 + otorrhée, dans les pétrosites). Atteinte dans la fistule carotido-caverneuse et la thrombose du sinus caverneux.	https://fr.wikipedia.org/wiki/Nerf_abducens	3
nerf_glossopharyngien_ix	nerf_glossopharyngien_ix.svg	libre	Nerf glosso-pharyngien et rameaux	Nerf glosso-pharyngien (IX)	Nervus glossopharyngeus	Cavité crânienne	Système nerveux	Neuvième nerf crânien, mixte. Sensitif : sensibilité générale et gustative du tiers postérieur de la langue, sensibilité de l'oropharynx, du voile, de la tonsille, de la trompe auditive et de la caisse du tympan (nerf tympanique de Jacobson), et surtout du sinus et du glomus carotidiens (baro- et chémorécepteurs). Moteur : un seul muscle, le stylo-pharyngien. Parasympathique : sécrétion de la glande parotide (nerf tympanique puis petit nerf pétreux, relais dans le ganglion otique).	Émerge du sillon rétro-olivaire, quitte le crâne par le foramen jugulaire (partie antérieure, avec le X et le XI), passe entre les artères carotides interne et externe, contourne le muscle stylo-pharyngien et gagne la base de langue.	Névralgie du glosso-pharyngien : douleurs fulgurantes de la base de langue, de l'amygdale et de l'oreille, déclenchées par la déglutition, parfois avec syncope (voie vago-carotidienne). Abolition du réflexe nauséeux (afférence IX, efférence X). Syndrome du foramen jugulaire (de Vernet : IX, X, XI). Massage du sinus carotidien (bradycardie réflexe, prudence).	https://fr.wikipedia.org/wiki/Nerf_glosso-pharyngien	3
nerf_vague_x	nerf_vague_x.jpg	libre	Nerf vague, trajet et distribution	Nerf vague (X)	Nervus vagus	Cavité crânienne	Système nerveux	Dixième nerf crânien, mixte, au territoire le plus étendu. Moteur : muscles du voile (sauf tenseur), du pharynx (via le plexus pharyngien) et tous les muscles du larynx (nerfs laryngés supérieur et récurrent). Sensitif : muqueuse du laryngopharynx et du larynx, méninges de la fosse postérieure, une partie du conduit auditif externe (rameau auriculaire d'Arnold). Parasympathique : cœur (ralentissement), bronches, tube digestif jusqu'à l'angle colique gauche, sécrétions.	Émerge du sillon rétro-olivaire, sort par le foramen jugulaire, descend dans la gaine carotidienne entre l'artère carotide et la veine jugulaire interne. Ses ganglions supérieur (jugulaire) et inférieur (plexiforme) sont à la base du crâne. Dans le cou il donne les nerfs cardiaques et laryngés.	Paralysie récurrentielle (dysphonie, fausses routes ; le récurrent gauche est vulnérable dans le médiastin : cancer bronchique, adénopathie, chirurgie). Le réflexe vagal (bradycardie, hypotension, malaise) lors des manipulations pharyngées, oculaires ou de l'oreille. Stimulation du nerf vague (épilepsie pharmaco-résistante, dépression). Une paralysie du voile et du pharynx dévie la luette vers le côté sain (signe du rideau de Vernet).	https://fr.wikipedia.org/wiki/Nerf_vague	4
nerf_accessoire_xi	nerf_accessoire_xi.jpg	libre	Nerf accessoire et ses racines (Gray, 1918)	Nerf accessoire (XI)	Nervus accessorius	Cavité crânienne	Système nerveux	Onzième nerf crânien, moteur. Sa racine spinale, issue des cornes antérieures de la moelle cervicale (C1 à C5-C6), remonte par le foramen magnum, s'unit brièvement à la racine crânienne (qui rejoint en fait le X), traverse le foramen jugulaire, puis se sépare pour innerver le muscle sterno-cléido-mastoïdien et le muscle trapèze. La racine crânienne, via le X, participe à la motricité du voile et du larynx.	Dans le cou, il traverse ou contourne le sterno-cléido-mastoïdien, puis traverse en diagonale le triangle postérieur du cou (très superficiel, entre les fascias) pour gagner la face profonde du trapèze. Il y est accompagné de rameaux proprioceptifs du plexus cervical.	"Lésion très fréquente lors des biopsies ganglionnaires et des curages du triangle postérieur du cou (zone dangereuse) : chute de l'épaule, décollement et bascule de la scapula, limitation de l'abduction du bras au-delà de l'horizontale, douleur (""shoulder syndrome""). Repérage systématique en chirurgie cervicale. Amyotrophie du sterno-cléido-mastoïdien et du trapèze à l'inspection."	https://fr.wikipedia.org/wiki/Nerf_accessoire	3
nerf_hypoglosse_xii	nerf_hypoglosse_xii.svg	libre	Nerf hypoglosse, trajet cervical	Nerf hypoglosse (XII)	Nervus hypoglossus	Cavité crânienne	Système nerveux	Douzième nerf crânien, purement moteur : il innerve tous les muscles de la langue (intrinsèques ; extrinsèques génio-glosse, hyo-glosse, stylo-glosse) sauf le palato-glosse (innervé par le X). Il assure la mobilité de la langue pour la mastication, la déglutition et l'articulation.	Émerge du sillon pré-olivaire par plusieurs filets, quitte le crâne par le canal de l'hypoglosse, descend entre les artères carotide interne et jugulaire interne, décrit une courbe autour de l'artère occipitale et croise en superficie les artères carotide externe puis linguale, au-dessus de la grande corne de l'os hyoïde, avant de gagner la langue sur le muscle hyo-glosse. Il lui est annexé (fibres de C1) la racine supérieure de l'anse cervicale et les nerfs des muscles thyro- et génio-hyoïdien.	Paralysie unilatérale : à la protraction, la langue dévie vers le côté atteint (le génio-glosse sain pousse) ; atrophie et fasciculations de l'hémilangue si atteinte du motoneurone. Lésion lors de la chirurgie carotidienne, de la submandibulectomie, par une tumeur de la base du crâne ou une dissection carotidienne. Syndrome de l'espace rétro-pharyngé (Collet-Sicard : IX, X, XI, XII).	https://fr.wikipedia.org/wiki/Nerf_hypoglosse	3
artere_carotide_commune	artere_carotide_commune.svg	libre	Artères carotides et leurs branches (Gray, 1918)	Artère carotide commune	Arteria carotis communis	Cou	Système vasculaire	Principal axe artériel de la tête et du cou. La carotide commune droite naît du tronc brachio-céphalique, la gauche directement de la crosse de l'aorte. Elle monte dans la gaine carotidienne sans donner de branche collatérale et se divise, en regard du bord supérieur du cartilage thyroïde (C3-C4), en artères carotides interne et externe.	Dans la gaine carotidienne : veine jugulaire interne en dehors, nerf vague en arrière entre les deux. En avant, croisée par le muscle omo-hyoïdien (C6) et le sterno-cléido-mastoïdien. En dedans : axe viscéral (larynx, trachée, thyroïde, pharynx, œsophage). En arrière : tubercule carotidien de C6 (de Chassaignac), plan prévertébral et chaîne sympathique.	Palpation et auscultation dans le triangle carotidien (jamais des deux côtés à la fois). Compression au tubercule carotidien de C6 en cas d'hémorragie. Le bulbe carotidien (dilatation à la bifurcation) contient le baro-récepteur et est le siège de prédilection de l'athérome. Ponction accidentelle lors du cathétérisme jugulaire interne (repère : triangle des chefs du sterno-cléido-mastoïdien).	https://fr.wikipedia.org/wiki/Artère_carotide_commune	4
artere_carotide_externe	artere_carotide_externe.jpg	libre	Artère carotide externe et ses branches	Artère carotide externe	Arteria carotis externa	Cou	Système vasculaire	Artère de la face, du cou et de la dure-mère (sauf l'orbite). Née de la bifurcation carotidienne, d'abord en dedans puis en dehors de la carotide interne, elle monte dans la loge parotidienne où elle se termine en deux branches : artères temporale superficielle et maxillaire. Elle donne six collatérales : thyroïdienne supérieure, linguale, faciale (en avant), pharyngienne ascendante (en dedans), occipitale et auriculaire postérieure (en arrière).	Traverse le rideau stylien (en dedans des muscles styloïdiens) puis pénètre la parotide où elle est le plan le plus profond (sous la veine rétro-mandibulaire et le nerf facial). Elle est séparée de la carotide interne, en haut, par les muscles stylo-glosse et stylo-pharyngien et le nerf glosso-pharyngien.	Ligature possible sans risque majeur (riches anastomoses et suppléance controlatérale), au-dessus de l'artère thyroïdienne supérieure. Embolisation de ses branches pour les épistaxis graves (artère sphéno-palatine), les tumeurs très vascularisées (paragangliome, fibrome nasopharyngien, méningiome) et les traumatismes. Le pouls temporal superficiel est un prolongement palpable.	https://fr.wikipedia.org/wiki/Artère_carotide_externe	4
artere_thyroidienne_superieure	artere_thyroidienne_superieure.jpg	libre	Branches de la carotide externe (Gray, 1918)	Artère thyroïdienne supérieure	Arteria thyroidea superior	Cou	Système vasculaire	Première branche antérieure de la carotide externe (parfois de la bifurcation). Elle descend vers le pôle supérieur du lobe thyroïdien qu'elle vascularise, et donne l'artère laryngée supérieure (qui perfore la membrane thyro-hyoïdienne avec la branche interne du nerf laryngé supérieur) et un rameau crico-thyroïdien.	Son trajet vers le pôle supérieur thyroïdien est en rapport étroit avec la branche externe du nerf laryngé supérieur (moteur du crico-thyroïdien) : la ligature doit se faire au ras de la glande, branche par branche, pour épargner le nerf.	Repère et enjeu du temps supérieur de la thyroïdectomie. Son artère laryngée supérieure est le pédicule d'une laryngectomie partielle. Palpable au pouls quand elle est très développée (goitre hyperfonctionnel : thrill et souffle de la maladie de Basedow).	https://fr.wikipedia.org/wiki/Artère_thyroïdienne_supérieure	2
artere_linguale	artere_linguale.jpg	libre	Artère linguale et région sublinguale (Gray, 1918)	Artère linguale	Arteria lingualis	Cou	Système vasculaire	Deuxième branche antérieure de la carotide externe, principale artère de la langue et du plancher buccal. Elle décrit une boucle au-dessus de la grande corne de l'os hyoïde, passe en profondeur du muscle hyo-glosse, et se termine en artère profonde de la langue (ranine) ; elle donne l'artère sublinguale et des rameaux dorsaux de la langue.	Le triangle de Pirogov (ou de Béclard), limité par le tendon intermédiaire du digastrique, le bord postérieur du mylo-hyoïdien et le nerf hypoglosse, marque le lieu où l'on aborde l'artère à travers le hyo-glosse. Rapport-piège : l'artère est PROFONDE au hyo-glosse alors que le nerf hypoglosse est SUPERFICIEL.	Ligature de l'artère linguale dans les hémorragies de la langue et comme temps préalable de la glossectomie. L'artère profonde de la langue (visible par transparence à la face inférieure) est le siège de plaies lors des morsures et des piercings. Pédicule des lambeaux de langue.	https://fr.wikipedia.org/wiki/Artère_linguale	2
artere_faciale	artere_faciale.jpg	libre	Artère faciale et artères de la face (Gray, 1918)	Artère faciale	Arteria facialis	Face	Système vasculaire	Troisième branche antérieure de la carotide externe, principale artère de la face. Après un trajet cervical où elle contourne la glande submandibulaire et donne l'artère palatine ascendante et l'artère de l'amygdale, elle contourne le bord de la mandibule au bord antérieur du masséter (pouls facial palpable), puis monte en diagonale vers l'angle médial de l'œil (artère angulaire), donnant les artères labiales inférieure et supérieure et l'artère latérale du nez.	Très flexueuse (réserve de longueur pour la mimique). L'artère angulaire s'anastomose avec l'artère dorsale du nez, branche de l'ophtalmique : anastomose carotide externe - carotide interne, et voie possible d'embolie rétrograde vers l'artère centrale de la rétine lors des injections de comblement (nécrose cutanée, cécité).	"Pouls facial au bord antérieur du masséter (évaluation de la perfusion en réanimation, du choc). Compression digitale des artères labiales pour les plaies de la lèvre (elles cheminent au bord libre). Pédicule de nombreux lambeaux (naso-génien, FAMM). Le ""triangle de danger"" de la face (drainage veineux vers le sinus caverneux, sans valve) contre-indique de percer un furoncle."	https://fr.wikipedia.org/wiki/Artère_faciale	4
artere_occipitale	artere_occipitale.jpg	libre	Artère occipitale, région nuchale (Gray, 1918)	Artère occipitale	Arteria occipitalis	Cou	Système vasculaire	Branche postérieure de la carotide externe. Elle se dirige en arrière, croisée par le ventre postérieur du digastrique, chemine dans une gouttière du temporal, traverse les muscles de la nuque et se distribue en éventail au cuir chevelu occipital, accompagnée du nerf grand occipital (le nerf en dedans, l'artère en dehors). Elle donne des rameaux méningés et un rameau descendant qui s'anastomose avec l'artère vertébrale.	À son origine, elle croise en superficie les nerfs hypoglosse (XII) et accessoire (XI) et la carotide interne. Dans la nuque, elle est un repère du triangle sub-occipital.	Pédicule du lambeau de scalp occipital et des pontages extra-intracrâniens occipito-cérébelleux (occipitale vers cérébelleuse postéro-inférieure, PICA). Anastomose de suppléance en cas d'occlusion de l'artère vertébrale. Site d'infiltration du nerf grand occipital (à repérer en dehors de l'artère).	https://fr.wikipedia.org/wiki/Artère_occipitale	2
artere_temporale_superficielle	artere_temporale_superficielle.jpg	libre	Artère temporale superficielle (Gray, 1918)	Artère temporale superficielle	Arteria temporalis superficialis	Face	Système vasculaire	Branche terminale la plus grêle de la carotide externe, prolongeant sa direction. Elle naît dans la parotide, monte en avant du tragus (pouls temporal palpable), croise l'arcade zygomatique et se divise en rameaux frontal et pariétal qui vascularisent le cuir chevelu antéro-latéral. Elle donne l'artère transverse de la face et l'artère zygomatico-orbitaire.	Accompagnée du nerf auriculo-temporal (V3, en arrière d'elle) et de la veine temporale superficielle. Au-dessus de l'arcade zygomatique, elle est sous-cutanée, palpable et visible chez le sujet âgé.	Site de la biopsie de l'artère temporale dans l'artérite à cellules géantes (maladie de Horton : céphalée temporale, artère indurée non pulsatile, claudication de la mâchoire, risque de cécité, VS élevée, corticothérapie en urgence avant confirmation). Pédicule du lambeau temporo-pariétal (fascia) et des pontages extra-intracrâniens (temporale superficielle vers cérébrale moyenne). Repère du pouls chez l'enfant.	https://fr.wikipedia.org/wiki/Artère_temporale_superficielle	4
artere_maxillaire	artere_maxillaire.svg	libre	Artère maxillaire et fosse infra-temporale (Gray, 1918)	Artère maxillaire	Arteria maxillaris	Fosse infra-temporale	Système vasculaire	Branche terminale la plus volumineuse de la carotide externe. Née dans la parotide en arrière du col de la mandibule, elle traverse la fosse infra-temporale (en rapport avec le muscle ptérygoïdien latéral) et gagne la fosse ptérygo-palatine. On lui décrit trois segments (mandibulaire, ptérygoïdien, ptérygo-palatin) donnant de nombreuses branches : artère méningée moyenne, artère alvéolaire inférieure, artères pour les muscles masticateurs, artère alvéolaire supéro-postérieure, artère infra-orbitaire, artère du canal ptérygoïdien, artère palatine descendante et artère sphéno-palatine (terminale, pour le nez).	Son trajet variable par rapport au ptérygoïdien latéral (superficiel ou profond). Dans la fosse ptérygo-palatine, elle accompagne le nerf maxillaire (V2) et le ganglion ptérygo-palatin.	L'artère sphéno-palatine est la source des épistaxis postérieures graves : cautérisation ou ligature endoscopique, ou embolisation de l'artère maxillaire. L'artère alvéolaire inférieure accompagne le nerf dans le canal mandibulaire (hémorragie des avulsions). Repère de l'abord de la fosse infra-temporale.	https://fr.wikipedia.org/wiki/Artère_maxillaire	3
artere_meningee_moyenne	artere_meningee_moyenne.jpg	libre	Artère méningée moyenne sur la face endocrânienne	Artère méningée moyenne	Arteria meningea media	Cavité crânienne	Système vasculaire	Branche du premier segment de l'artère maxillaire. Elle monte dans la fosse infra-temporale, entoure ou traverse le ganglion otique et le nerf auriculo-temporal, pénètre le crâne par le foramen épineux, puis chemine dans une gouttière de la face endocrânienne de l'écaille du temporal et de la grande aile du sphénoïde, entre les deux feuillets de la dure-mère, qu'elle vascularise principalement avec l'os de la voûte.	Sa branche antérieure croise le ptérion (jonction frontal-pariétal-temporal-sphénoïde), point faible de la voûte.	Cause quasi exclusive de l'hématome extra-dural : un traumatisme au ptérion fracture l'os et rompt l'artère, décollant la dure-mère de l'os (image en lentille biconvexe au scanner, ne franchissant pas les sutures) ; classiquement intervalle libre de conscience puis aggravation, engagement, urgence chirurgicale absolue. Embolisation de l'artère méningée moyenne dans les hématomes sous-duraux chroniques récidivants et l'hémostase des méningiomes.	https://fr.wikipedia.org/wiki/Artère_méningée_moyenne	4
artere_carotide_interne	artere_carotide_interne.jpg	libre	Segments de l'artère carotide interne (Gray, 1918)	Artère carotide interne	Arteria carotis interna	Cou	Système vasculaire	Principale artère de l'encéphale (avec l'artère vertébrale) et unique artère de l'orbite. Elle ne donne aucune branche dans le cou. On lui décrit sept segments : cervical (dans la gaine carotidienne), pétreux (canal carotidien), lacérum, caverneux (siphon carotidien, dans le sinus caverneux), clinoïdien, ophtalmique (donne l'artère ophtalmique) et communicant (donne l'artère communicante postérieure et l'artère choroïdienne antérieure), avant de se diviser en artères cérébrales antérieure et moyenne.	Dans le sinus caverneux, elle est au contact du nerf abducens (VI) et longée par les nerfs III, IV, V1, V2 dans la paroi latérale. Le siphon caverneux est entouré du plexus sympathique péri-carotidien.	Athérome du bulbe et de l'origine de la carotide interne : sténose emboligène (accident ischémique transitoire, amaurose fugace, AVC sylvien) dépistée au Doppler, traitée par endartériectomie ou stent si serrée et symptomatique. Dissection carotidienne (sujet jeune, cervicalgie, céphalée, Claude Bernard-Horner douloureux, acouphène pulsatile, puis AVC). Fistule carotido-caverneuse. Anévrisme du siphon.	https://fr.wikipedia.org/wiki/Artère_carotide_interne	5
artere_vertebrale	artere_vertebrale.jpg	libre	Artère vertébrale, trajet cervical et intracrânien	Artère vertébrale	Arteria vertebralis	Cou	Système vasculaire	Première branche de l'artère subclavière, principale artère du système vertébro-basilaire (tronc cérébral, cervelet, lobes occipitaux, oreille interne). Quatre segments : pré-transversaire (V1, jusqu'à C6), transversaire (V2, dans les foramens transversaires de C6 à C2), atlantique (V3, sinueux, autour de la masse latérale de l'atlas, dans le triangle sub-occipital), intra-crânien (V4, perfore la dure-mère au foramen magnum, donne l'artère spinale antérieure et la PICA, puis les deux artères vertébrales fusionnent en tronc basilaire).	Le segment V3 chemine dans la gouttière de l'arc postérieur de l'atlas, sous la membrane atlanto-occipitale postérieure ; il peut être enfermé dans un pont osseux (ponticulus posticus). Le tronc sympathique et le ganglion cervico-thoracique (stellaire) sont à l'origine de V1.	Dissection de l'artère vertébrale (manipulation cervicale, traumatisme, sport) : cervicalgie postérieure, céphalée occipitale, puis syndrome de Wallenberg (infarctus latéro-bulbaire) ou infarctus cérébelleux. Insuffisance vertébro-basilaire positionnelle (compression en rotation-extension par un ostéophyte uncovertébral). Repère et danger de la chirurgie du rachis cervical haut et de la charnière.	https://fr.wikipedia.org/wiki/Artère_vertébrale	4
cercle_arteriel_willis	cercle_arteriel_willis.svg	libre	Cercle artériel de la base du cerveau	Cercle artériel du cerveau (polygone de Willis)	Circulus arteriosus cerebri	Cavité crânienne	Système vasculaire	Anastomose artérielle en anneau à la base du cerveau, autour du chiasma optique et de la tige pituitaire, reliant les systèmes carotidien (en avant) et vertébro-basilaire (en arrière). Il est formé par : les deux artères cérébrales antérieures reliées par l'artère communicante antérieure ; les deux artères carotides internes ; les deux artères communicantes postérieures ; les deux artères cérébrales postérieures issues du tronc basilaire. Il permet une suppléance en cas d'occlusion d'un axe d'amont.	Complet et symétrique dans moins de la moitié des cas ; nombreuses variantes (hypoplasie d'une communicante, artère cérébrale postérieure d'origine carotidienne dite fœtale). Donne de nombreuses artères perforantes pour les noyaux gris et le tronc.	Siège de prédilection des anévrismes intracrâniens (jonctions : communicante antérieure la plus fréquente, puis origine de la communicante postérieure, puis bifurcation sylvienne) : risque d'hémorragie méningée. Une paralysie du III douloureuse fait suspecter un anévrisme de la communicante postérieure. La qualité du polygone conditionne la tolérance au clampage carotidien.	https://fr.wikipedia.org/wiki/Polygone_de_Willis	5
veine_jugulaire_interne	veine_jugulaire_interne.jpg	libre	Veine jugulaire interne et sinus veineux (Gray, 1918)	Veine jugulaire interne	Vena jugularis interna	Cou	Système vasculaire	Principale voie de drainage veineux de l'encéphale, de la face et du cou. Elle fait suite au sinus sigmoïde à sa sortie du foramen jugulaire (dilatation initiale : golfe de la jugulaire), descend dans la gaine carotidienne en dehors des artères carotides, et se termine derrière l'extrémité médiale de la clavicule en s'unissant à la veine subclavière pour former le tronc veineux brachio-céphalique (confluent de Pirogov). Elle reçoit les veines faciale, linguale, thyroïdiennes supérieure et moyenne, pharyngiennes.	Dans la gaine carotidienne : latérale par rapport à la carotide, le nerf vague entre les deux en arrière. Elle est croisée par le muscle omo-hyoïdien et le sterno-cléido-mastoïdien. Une chaîne lymphatique jugulaire interne la longe (relais des cancers ORL).	Voie de choix du cathétérisme veineux central (repère : sommet du triangle des deux chefs du sterno-cléido-mastoïdien, ponction sous échographie, la veine est latérale et antérieure à la carotide). Le pouls veineux jugulaire reflète les pressions de l'oreille droite. Thrombose (cathéter, syndrome de Lemierre après angine à Fusobacterium). Ligature unilatérale bien tolérée ; bilatérale, œdème cérébral.	https://fr.wikipedia.org/wiki/Veine_jugulaire_interne	4
veine_faciale	veine_faciale.jpg	libre	Veines de la face et anastomoses (Gray, 1918)	Veine faciale	Vena facialis	Face	Système vasculaire	Principale veine de drainage de la face. Elle naît à l'angle médial de l'œil (veine angulaire), suit un trajet plus rectiligne que l'artère faciale, en arrière d'elle, croise le bord de la mandibule et rejoint la veine jugulaire interne (souvent après un tronc commun avec la veine rétro-mandibulaire, le tronc thyro-linguo-facial).	La veine angulaire communique avec la veine ophtalmique supérieure (donc avec le sinus caverneux) et avec le plexus ptérygoïdien (via la veine faciale profonde). Le système veineux de la face est dépourvu de valves.	"Le ""triangle de danger de la face"" (de la racine du nez aux commissures labiales) : une infection cutanée (furoncle, à ne jamais percer) peut se propager par la veine angulaire, sans valve, vers le sinus caverneux et provoquer une thrombophlébite du sinus caverneux (exophtalmie, ophtalmoplégie, fièvre, potentiellement mortelle)."	https://fr.wikipedia.org/wiki/Veine_faciale	3
plexus_pterygoidien	plexus_pterygoidien.svg	libre	Plexus veineux ptérygoïdien (Gray, 1918)	Plexus veineux ptérygoïdien	Plexus venosus pterygoideus	Fosse infra-temporale	Système vasculaire	Réseau veineux dense entourant le muscle ptérygoïdien latéral, dans la fosse infra-temporale. Il draine le sang des régions profondes de la face : muscles masticateurs, sinus maxillaire, cavité nasale, palais, dents, orbite. Il se draine principalement dans la veine maxillaire (puis rétro-mandibulaire et jugulaire externe/interne) et communique largement avec le sinus caverneux (par des veines émissaires du foramen ovale et du foramen déchiré) et avec la veine faciale (veine faciale profonde) et la veine ophtalmique inférieure.	Enserre l'artère maxillaire et ses branches. Traversé par le nerf mandibulaire et ses rameaux.	Voie de diffusion d'une infection dentaire ou sinusienne vers le sinus caverneux (thrombophlébite). Risque hémorragique majeur (saignement en nappe difficile à contrôler) lors de l'anesthésie tronculaire mandibulaire (hématome de la joue), de la chirurgie de la fosse infra-temporale et des fractures de Le Fort. Stase favorisée par le décubitus (rôle dans l'œdème facial post-opératoire).	https://fr.wikipedia.org/wiki/Plexus_ptérygoïdien	2
drainage_lymphatique_cou	drainage_lymphatique_cou.jpg	libre	Ganglions lymphatiques de la tête et du cou (Gray, 1918)	Drainage lymphatique de la tête et du cou	Nodi lymphoidei capitis et colli	Cou	Système lymphatique	Réseau ganglionnaire drainant la tête et le cou vers le confluent veineux jugulo-subclavier. On distingue un cercle ganglionnaire péricervical (occipital, mastoïdien, parotidien, submandibulaire, sub-mental, cervical antérieur) et des chaînes cervicales profondes le long de la veine jugulaire interne, du nerf accessoire et de l'artère cervicale transverse. La classification chirurgicale en six niveaux (I à VI) structure les curages.	Niveau I : sub-mental et submandibulaire. Niveaux II, III, IV : chaîne jugulaire interne (haute, moyenne, basse). Niveau V : triangle postérieur (chaîne spinale et cervicale transverse). Niveau VI : compartiment central (pré-laryngé, pré-trachéal, récurrentiel). Le ganglion de Troisier (sus-claviculaire gauche) draine aussi l'abdomen via le canal thoracique.	Toute adénopathie cervicale de l'adulte de plus de 3 semaines, dure et fixée, impose la recherche d'un cancer des voies aéro-digestives supérieures (panendoscopie) avant toute biopsie chirurgicale (qui compromet le curage et essaime). Le niveau atteint oriente vers le site primitif. Adénopathie jugulo-carotidienne haute kystique de l'adulte jeune : métastase d'un carcinome de l'oropharynx lié au HPV. Le curage ganglionnaire cervical suit ces niveaux ; risque pour le nerf accessoire (niveau V) et le rameau marginal du VII (niveau I).	https://fr.wikipedia.org/wiki/Ganglion_lymphatique ; Terminologia Anatomica	4
occlusion_larynx		libre		Larynx : cartilages (à légender)	Cartilagines laryngis	Larynx et thyroïde	Organe des sens	Fiche d'entraînement par occlusion : retrouver le nom de la structure masquée sur la vue antérieure du larynx (os hyoïde, membrane thyro-hyoïdienne, cartilage thyroïde, cartilage cricoïde, trachée).	Voir les fiches dédiées : os hyoïde, membrane thyro-hyoïdienne, cartilage thyroïde, cartilage cricoïde. La membrane crico-thyroïdienne (entre thyroïde et cricoïde) est le repère de la cricothyroïdotomie.	Exemple d'utilisation du type de champ « occlusion » : une zone est masquée au hasard à chaque révision, comme un masque de texte. L'éditeur permet de dessiner et de légender les zones à la souris.	https://fr.wikipedia.org/wiki/Larynx	2
